목적,읍면동,설치장소,위도,경도,설치연도,설치대수
방범,가호동,가좌동 479-2,35.154626,128.108577,2023,4
방범,가호동,가좌동 562-11,35.149961,128.103438,2021,4
방범,가호동,가좌동 564,35.149016,128.102903,2022,3
학교내,가호동,가좌동 564,35.149732,128.103786,2015,13
방범,가호동,가좌동 579-26,35.161296,128.111995,2022,4
방범,가호동,가좌동 637-14,35.159423,128.108311,2022,3
교통정보수집,가호동,가좌동 638-2,35.158961,128.107726,2023,2
방범,가호동,가좌동 662-1,35.163848,128.111639,2022,2
방범,가호동,가좌동 669,35.15974,128.109232,2022,3
방범,가호동,가좌동 691,35.160168,128.10914,2022,3
방범,가호동,가좌동 772-7,35.164403,128.104809,2022,2
방범,가호동,가좌동 843-3,35.157613,128.101937,2017,2
방범,가호동,가좌동 961-31,35.163629,128.11031,2018,2
방범,가호동,가좌동 산 86-1,35.166211,128.105421,2018,2
방범,가호동,가좌동 산 88-7,35.16647,128.104657,2018,8
방범,가호동,가호동 1011-4,35.145205,128.101638,2019,3
교통정보수집,가호동,가호동 1011-4,35.145339,128.101415,2021,4
방범,가호동,가호동 1267-2,35.160557,128.095994,2019,2
방범,가호동,가호동 1398,35.158981,128.108231,2022,5
방범,가호동,가호동 1404,35.165411,128.111072,2018,1
방범,가호동,가호동 1429-1,35.1636,128.1046,2019,2
방범,가호동,가호동 1431-5,35.160619,128.106871,2018,3
방범,가호동,가호동 1432-1,35.160463,128.106814,2015,3
방범,가호동,가호동 1438-8,35.158603,128.106181,2019,2
방범,가호동,가호동 1441-14,35.157823,128.106583,2018,4
방범,가호동,가호동 1441-14,35.152408,128.104756,2015,1
방범,가호동,가호동 1442-21,35.157108,128.105728,2019,2
방범,가호동,가호동 1444-1,35.156488,128.104706,2019,3
방범,가호동,가호동 1446-13,35.156882,128.106315,2023,2
방범,가호동,가호동 1705-2,35.151518,128.124287,2018,3
방범,가호동,가호동 1890,35.14508,128.103883,2015,2
방범,가호동,가호동 1932-8,35.165411,128.111072,2019,1
방범,가호동,가호동 1933,35.165332,128.111012,2019,6
방범,가호동,가호동 1940,35.165904,128.109541,2022,3
교통정보수집,가호동,가호동 1949,35.155569,128.116522,2022,3
주정차단속,가호동,가호동 1958,35.154362,128.115679,2022,6
교통정보수집,가호동,가호동 1959,35.152479,128.116304,2022,1
교통정보수집,가호동,가호동 1959,35.151606,128.113898,2021,3
교통정보수집,가호동,가호동 1959-1,35.154917,128.117892,2018,4
주정차단속,가호동,가호동 1960,35.153244,128.117111,2022,4
주정차단속,가호동,가호동 1962,35.154714,128.113706,2022,4
방범,가호동,가호동 1965,35.15286,128.11574,2022,1
교통정보수집,가호동,가호동 1978-1,35.152207,128.111314,2019,4
교통정보수집,가호동,가호동 1983-1,35.152778,128.109826,2023,3
방범,가호동,가호동 1987,35.147925,128.108104,2019,2
학교내,가호동,가호동 1988,35.1513,128.11105,2019,13
교통정보수집,가호동,가호동 2011-1,35.15004,128.10359,2015,1
방범,가호동,가호동 2018-4,35.151965,128.110715,2022,2
주정차단속,가호동,가호동 2039,35.151305,128.1141,2022,3
방범,가호동,가호동 2046-1,35.149823,128.113032,2016,4
주정차단속,가호동,가호동 2064-1,35.152249,128.116009,2022,3
주정차단속,가호동,가호동 2073,35.15308,128.119161,2022,2
교통정보수집,가호동,가호동 2091-3,35.153699,128.12113,2017,3
교통정보수집,가호동,가호동 2107,35.154204,128.119137,2019,4
주정차단속,가호동,가호동 2113,35.154768,128.118719,2022,2
교통정보수집,가호동,가호동 301-4,35.164021,128.126115,2023,2
방범,가호동,가호동 365-5,35.163408,128.116967,2016,1
방범,가호동,가호동 446-1,35.158393,128.108729,2019,2
방범,가호동,가호동 449-1,35.157386,128.107856,2018,3
방범,가호동,가호동 453-6,35.156577,128.108331,2018,2
방범,가호동,가호동 455-10,35.155973,128.10883,2015,3
방범,가호동,가호동 464,35.15731,128.108861,2019,2
방범,가호동,가호동 479-24,35.155182,128.109221,2020,3
방범,가호동,가호동 480-5,35.153224,128.106536,2015,2
방범,가호동,가호동 480-7,35.153079,128.105895,2022,3
방범,가호동,가호동 483-10,35.153205,128.107023,2019,2
교통정보수집,가호동,가호동 491-5,35.162766,128.120726,2022,2
방범,가호동,가호동 492-3,35.151964,128.10606,2018,2
방범,가호동,가호동 501-1,35.156626,128.107308,2015,1
방범,가호동,가호동 501-1,35.154762,128.106479,2019,1
방범,가호동,가호동 501-11,35.15325,128.105434,2019,1
방범,가호동,가호동 501-13,35.154762,128.106479,2018,1
방범,가호동,가호동 506-14,35.155394,128.1069,2015,1
방범,가호동,가호동 506-8,35.15614,128.10709,2023,1
방범,가호동,가호동 510-22,35.159095,128.10781,2019,2
방범,가호동,가호동 517-3,35.15862,128.107753,2015,4
방범,가호동,가호동 539,35.151258,128.10593,2016,3
방범,가호동,가호동 540,35.152116,128.106791,2016,3
방범,가호동,가호동 547-1,35.165123,128.11515,2023,3
방범,가호동,가호동 552-10,35.150284,128.104452,2019,4
교통정보수집,가호동,가호동 552-4,35.151146,128.103264,2022,1
방범,가호동,가호동 561-2,35.150798,128.105858,2021,3
교통정보수집,가호동,가호동 562-1,35.150615,128.101847,2022,1
방범,가호동,가호동 562-5,35.152682,128.105698,2019,1
방범,가호동,가호동 564,35.150126,128.102186,2023,3
방범,가호동,가호동 573-2,35.148828,128.101464,2019,2
방범,가호동,가호동 579-11,35.163686,128.110798,2019,2
방범,가호동,가호동 579-26,35.161587,128.111847,2015,2
방범,가호동,가호동 602-2,35.164018,128.112621,2022,4
방범,가호동,가호동 604,35.163342,128.113389,2019,2
방범,가호동,가호동 605-6,35.163286,128.114544,2016,5
방범,가호동,가호동 607-2,35.163954,128.115155,2015,4
방범,가호동,가호동 619-8,35.162423,128.114835,2015,4
방범,가호동,가호동 625-1,35.16332,128.11649,2022,2
방범,가호동,가호동 627-4,35.162766,128.116875,2022,2
방범,가호동,가호동 628-6,35.163407,128.117429,2018,2
방범,가호동,가호동 634-1,35.163925,128.117074,2020,4
방범,가호동,가호동 638,35.164271,128.116847,2019,2
방범,가호동,가호동 638,35.164122,128.116683,2020,2
방범,가호동,가호동 643-8,35.164616,128.117707,2020,3
방범,가호동,가호동 654-6,35.162415,128.107224,2019,2
방범,가호동,가호동 656,35.163282,128.108214,2019,3
방범,가호동,가호동 659-3,35.162228,128.108367,2019,2
방범,가호동,가호동 663,35.162428,128.111194,2015,2
방범,가호동,가호동 675-1,35.159861,128.110232,2015,1
방범,가호동,가호동 684-2,35.160991,128.108422,2015,2
학교내,가호동,가호동 691,35.159568,128.108264,2019,8
방범,가호동,가호동 711,35.164445,128.107105,2022,2
방범,가호동,가호동 725-2,35.160572,128.112063,2022,1
방범,가호동,가호동 783,35.159306,128.117712,2022,2
주정차단속,가호동,가호동 850-3,35.158307,128.100515,2019,2
방범,가호동,가호동 914-1,35.152334,128.104655,2015,1
방범,가호동,가호동 952-5,35.15313,128.108499,2016,4
방범,가호동,가호동 977-5,35.163967,128.109453,2015,2
방범,가호동,가호동 986-1,35.164765,128.111286,2019,3
방범,가호동,가호동 996-16,35.146824,128.101046,2022,5
방범,가호동,가호동 996-4,35.151314,128.103743,2023,2
교통정보수집,가호동,가호동 산 122-3,35.164996,128.11995,2021,1
주정차단속,가호동,가호동 산 124-17,35.156573,128.104649,2022,3
방범,가호동,가호동 산 132,35.1608,128.0999,2021,1
방범,가호동,가호동 산 132,35.161329,128.102703,2022,2
방범,가호동,가호동 산 140-1,35.1636,128.0958,2022,2
방범,가호동,가호동 산 141-2,35.159031,128.118885,2015,1
방범,가호동,가호동 산 141-4,35.1637,128.0932,2012,2
방범,가호동,가호동 산 141-7,35.159109,128.118837,2019,1
방범,가호동,가호동 산 145,35.164258,128.091285,2022,2
방범,가호동,가호동 산 86-3,35.16629,128.10459,2022,1
방범,가호동,가호동 산 89,35.166273,128.103908,2018,1
방범,가호동,가호동 산 93-1,35.167336,128.103975,2017,2
방범,성북동,계동 35-1,35.196795,128.080579,2008,1
방범,금곡면,고성군 영오면 오서리 1611-10,35.09057,128.18897,2023,1
방범,금곡면,고성군 영오면 오서리 1611-205,35.0897,128.18893,2023,2
방범,금곡면,고성군 영오면 오서리 1611-206,35.08859,128.18882,2023,1
방범,금곡면,고성군 영오면 오서리 799,35.09254,128.1886,2022,2
방범,금곡면,금곡면 가봉리 592,35.125289,128.217591,2017,2
방범,금곡면,금곡면 가봉리 772-6,35.124875,128.216988,2021,2
방범,금곡면,금곡면 검암리 1086-6,35.1154,128.185812,2018,4
재난재해,금곡면,금곡면 두문리 1126-80,35.098584,128.190469,2023,1
방범,금곡면,금곡면 두문리 1135-11,35.08966,128.18268,2021,2
방범,금곡면,금곡면 두문리 396,35.099469,128.19962,2021,2
방범,금곡면,금곡면 두문리 590-3,35.09455,128.18849,2022,1
방범,금곡면,금곡면 두문리 621-7,35.091856,128.186206,2015,2
방범,금곡면,금곡면 두문리 647-1,35.09059,128.18698,2021,2
방범,금곡면,금곡면 두문리 682-5,35.089441,128.185664,2020,5
방범,금곡면,금곡면 두문리 682-5,35.090591,128.186968,2022,5
학교내,금곡면,금곡면 두문리 682-5,35.089714,128.184817,2016,6
방범,금곡면,금곡면 두문리 806-1,35.082441,128.186798,2022,2
방범,금곡면,금곡면 두문리 산 75-3,35.09065,128.178866,2021,2
방범,금곡면,금곡면 성산리 211-1,35.073239,128.200298,2019,2
방범,금곡면,금곡면 송곡리 634 -1,35.134998,128.189481,2022,1
방범,금곡면,금곡면 송곡리 634 -2,35.134998,128.189481,2021,1
방범,금곡면,금곡면 송곡리 634 -3,35.134998,128.189481,2022,1
방범,금곡면,금곡면 인담리 418-2,35.123229,128.174861,2021,2
방범,금곡면,금곡면 인담리 58-3,35.125135,128.173621,2020,3
방범,금곡면,금곡면 인담리 867-2,35.111705,128.169112,2022,3
재난재해,금곡면,금곡면 정자리 121,35.122709,128.187382,2022,1
방범,금곡면,금곡면 정자리 148-1,35.123709,128.18227,2022,3
방범,금곡면,금곡면 정자리 187-3,35.122303,128.185437,2022,2
방범,금곡면,금곡면 정자리 700-1,35.13433,128.177284,2022,2
방범,금곡면,금곡면 죽곡리 111-1,35.07618,128.17837,2021,2
재난재해,금산면,금산면 가방리 1214,35.235532,128.148245,2023,3
방범,금산면,금산면 가방리 72-7,35.232179,128.165437,2018,3
방범,금산면,금산면 가방리964-1,35.229127,128.152496,2019,2
방범,금산면,금산면 갈전리 1109-1,35.184144,128.156183,2015,1
방범,금산면,금산면 갈전리 1400-6,35.182133,128.153239,2022,3
방범,금산면,금산면 갈전리 1618,35.184386,128.155873,2021,1
방범,금산면,금산면 갈전리 35-2,35.189374,128.177725,2022,3
방범,금산면,금산면 속사리 207-1,35.184973,128.148497,2022,2
방범,금산면,금산면 속사리 612,35.184023,128.140441,2023,3
방범,금산면,금산면 속사리 671-34,35.18638,128.13643,2019,2
방범,금산면,금산면 속사리 701-183,35.192438,128.133466,2019,2
방범,금산면,금산면 송백리 556-1,35.205311,128.134783,2016,6
방범,금산면,금산면 용아리 205-1,35.201406,128.173872,2021,3
방범,금산면,금산면 용아리 707,35.211698,128.155176,2022,12
방범,금산면,금산면 용아리 711-2,35.21127,128.15486,2022,2
교통정보수집,금산면,금산면 용아리 951-4,35.201701,128.158866,2019,1
방범,금산면,금산면 용아리 산 9-1,35.200011,128.186052,2023,3
방범,금산면,금산면 용아리887-1,35.205725,128.156516,2019,3
교통정보수집,금산면,금산면 장사리 1180-10,35.220432,128.14544,2022,2
방범,금산면,금산면 장사리 1312-7,35.227868,128.139305,2021,2
방범,금산면,금산면 장사리 2156-3,35.215428,128.147146,2021,4
방범,금산면,금산면 장사리 513,35.21356,128.15675,2022,1
방범,금산면,금산면 장사리 516,35.21388,128.15561,2022,8
방범,금산면,금산면 장사리 524-10,35.215644,128.155501,2023,4
방범,금산면,금산면 장사리 585-8,35.219098,128.161144,2023,8
방범,금산면,금산면 장사리 810-4,35.220474,128.150837,2022,3
방범,금산면,금산면 장사리 961,35.218646,128.142752,2018,13
학교내,금산면,금산면 장사리 961,35.218976,128.14362,2022,8
방범,금산면,금산면 장사리 961-1,35.218,128.1455,2018,1
방범,금산면,금산면 장사리 963-1,35.218,128.1455,2021,2
방범,금산면,금산면 장사리 963-2,35.217729,128.145796,2022,3
방범,금산면,금산면 장사리 산 128-6,35.21378,128.15501,2022,1
방범,금산면,금산면 중천리 1026,35.214815,128.132954,2022,2
교통정보수집,금산면,금산면 중천리 1045-7,35.212842,128.131308,2021,2
방범,금산면,금산면 중천리 1052-1,35.212641,128.129879,2023,3
교통정보수집,금산면,금산면 중천리 1063-2,35.212915,128.131071,2021,1
방범,금산면,금산면 중천리 1157-1,35.208465,128.131305,2018,3
방범,금산면,금산면 중천리 1175-21,35.22131,128.13013,2022,5
방범,금산면,금산면 중천리 234-4,35.214447,128.146434,2022,2
방범,금산면,금산면 중천리 242-6,35.214656,128.146405,2019,5
방범,금산면,금산면 중천리 244-3,35.214713,128.144749,2022,4
방범,금산면,금산면 중천리 251,35.214507,128.144053,2017,1
방범,금산면,금산면 중천리 251,35.215523,128.144892,2018,7
학교내,금산면,금산면 중천리 251,35.21512,128.143421,2023,9
방범,금산면,금산면 중천리 261,35.21801,128.13954,2021,2
방범,금산면,금산면 중천리 272-8,35.216872,128.140088,2022,5
방범,금산면,금산면 중천리 278-6,35.216047,128.140796,2023,2
교통정보수집,금산면,금산면 중천리 311-7,35.214008,128.138897,2022,4
교통정보수집,금산면,금산면 중천리 333-7,35.214253,128.140452,2018,2
방범,금산면,금산면 중천리 400-4,35.214717,128.14234,2022,2
방범,금산면,금산면 중천리 413-5,35.2141,128.142609,2022,2
방범,금산면,금산면 중천리 44-30,35.207494,128.151057,2021,1
교통정보수집,금산면,금산면 중천리 484-2,35.211019,128.142286,2023,2
방범,금산면,금산면 중천리 585-2,35.2115,128.134248,2017,4
방범,금산면,금산면 중천리 629-8,35.21406,128.133631,2023,4
방범,금산면,금산면 중천리 657-1,32.216844,128.13345,2022,1
방범,금산면,금산면 중천리 657-2,32.216844,128.13345,2022,1
방범,금산면,금산면 중천리 657-3,32.216844,128.13345,2021,1
방범,금산면,금산면 중천리 781-1,35.217129,128.138272,2015,2
방범,내동면,내동면 내평리 20-4,35.139679,128.026199,2019,3
방범,내동면,내동면 내평리 23-1,35.138382,128.024298,2022,3
방범,내동면,내동면 내평리 65,35.140517,128.021483,2018,3
방범,내동면,내동면 내평리 811-1,35.139562,128.005712,2017,3
방범,내동면,내동면 내평리 829-2,35.139984,128.004352,2021,2
방범,내동면,내동면 내평리 산 52-12,35.138699,128.024555,2019,2
방범,내동면,내동면 내평리 산 71-6,35.156158,127.999792,2019,2
방범,내동면,내동면 독산리 1066,35.163578,128.060315,2016,2
방범,내동면,내동면 독산리 141-8,35.15727,128.070468,2021,4
방범,내동면,내동면 독산리 172-2,35.158319,128.07002,2022,3
교통정보수집,내동면,내동면 독산리 175-5,35.158301,128.070083,2021,2
방범,내동면,내동면 독산리 354,35.155758,128.064956,2023,6
방범,내동면,내동면 독산리 516-14,35.162179,128.063416,2016,2
방범,내동면,내동면 독산리 523-29,35.165036,128.063413,2018,2
방범,내동면,내동면 독산리 523-6,35.165874,128.066697,2023,3
방범,내동면,내동면 독산리 568-4,35.165269,128.067321,2021,6
방범,내동면,내동면 독산리 568-4,35.163773,128.067796,2018,4
학교내,내동면,내동면 독산리 568-4,35.164742,128.068099,2020,12
교통정보수집,내동면,내동면 독산리 57-1,35.16155,128.067794,2016,4
교통정보수집,내동면,내동면 독산리 582-18,35.16651,128.066573,2022,3
방범,내동면,내동면 독산리 583,35.166836,128.066578,2022,2
교통정보수집,내동면,내동면 독산리 66-21,35.158791,128.069846,2019,4
교통정보수집,내동면,내동면 독산리 71-6,35.161069,128.068568,2017,3
방범,내동면,내동면 독산리 756,35.14504,128.06142,2023,2
방범,내동면,내동면 독산리 산 46-2,35.14746,128.06297,2018,2
방범,내동면,내동면 독산리 산 73-2,35.162507,128.058349,2016,2
방범,내동면,내동면 삼계리 146-16,35.153629,128.045349,2022,3
방범,내동면,내동면 삼계리 152-12,35.153831,128.042979,2021,3
방범,내동면,내동면 삼계리 154,35.153539,128.042601,2022,3
방범,내동면,내동면 삼계리 157-1,35.153462,128.040993,2023,2
방범,내동면,내동면 삼계리 160-3,35.153978,128.041278,2021,3
방범,내동면,내동면 삼계리 2-3,35.153912,128.051404,2016,2
교통정보수집,내동면,내동면 삼계리 252-3,35.15409,128.03591,2022,6
방범,내동면,내동면 삼계리 619-19,35.151857,128.034571,2018,4
방범,내동면,내동면 삼계리 959-2,35.142981,128.027438,2017,2
방범,내동면,내동면 삼계리 산 202-10,35.1484,128.0326,2023,2
방범,내동면,내동면 삼계리 산 212-2,35.150269,128.031597,2019,2
방범,내동면,내동면 삼계리 산 347,35.160462,128.054946,2017,4
방범,내동면,내동면 삼계리995-3,35.137529,128.029611,2022,3
방범,내동면,내동면 신율리 249-4,35.147754,128.09365,2018,3
방범,내동면,내동면 신율리 474-2,35.151291,128.089842,2018,3
교통정보수집,내동면,내동면 신율리 651-1,35.15577,128.082283,2017,3
방범,내동면,내동면 신율리 산 58-4,35.149762,128.086165,2023,4
방범,내동면,내동면 유수리 107-1,32.126212,128.039834,2012,3
방범,내동면,내동면 유수리 1180,35.129465,128.010203,2017,2
방범,내동면,내동면 유수리 164-13,35.125584,128.034752,2019,2
방범,내동면,내동면 유수리 250-2,35.127508,128.026858,2019,1
방범,내동면,내동면 유수리 257-3,35.126357,128.032116,2023,2
방범,내동면,내동면 유수리 산 3-7,35.131074,128.052182,2022,4
방범,내동면,내동면 유수리688-4,35.13237,128.018472,2017,3
방범,대곡면,대곡면 광석리 31-1,35.27618,128.167052,2020,2
방범,대곡면,대곡면 광석리 314-2,35.262001,128.168384,2022,2
방범,대곡면,대곡면 단목리 1023-5,35.253591,128.148555,2015,2
방범,대곡면,대곡면 단목리 1558-4,35.271386,128.133283,2017,2
교통정보수집,대곡면,대곡면 단목리 277-11,35.259834,128.153166,2019,2
방범,대곡면,대곡면 단목리 897-2,35.25357,128.14881,2019,3
방범,대곡면,대곡면 덕곡리 356-2,35.234652,128.196943,2020,2
방범,대곡면,대곡면 덕곡리 483-20,35.227157,128.194888,2019,2
방범,대곡면,대곡면 덕곡리 642-5,35.223558,128.198114,2020,2
방범,대곡면,대곡면 마진리 538-1,35.218118,128.215118,2019,3
방범,대곡면,대곡면 설매리 737-3,35.289946,128.165188,2019,3
방범,대곡면,대곡면 설매리 803-6,35.283759,128.165908,2020,2
방범,대곡면,대곡면 와룡리 1127-7,35.250596,128.166021,2020,3
방범,대곡면,대곡면 와룡리 277-3,35.269321,128.182892,2020,6
방범,대곡면,대곡면 와룡리 57-1,35.25826,128.183382,2017,2
방범,대곡면,대곡면 와룡리 591,35.256695,128.177922,2020,8
학교내,대곡면,대곡면 와룡리 591,35.257271,128.177263,2022,6
방범,대곡면,대곡면 월아리 183-2,35.2453,128.134026,2022,1
방범,대곡면,대곡면 월아리 183-3,35.2453,128.134026,2021,1
방범,대곡면,대곡면 월아리 183-4,35.2453,128.134026,2022,1
방범,대곡면,대곡면 월암리 639-1,35.31727,128.160893,2020,2
교통정보수집,대곡면,대곡면 유곡리 212-3,35.260553,128.158401,2019,1
방범,대곡면,대곡면 유곡리 265,35.264062,128.155777,2019,4
방범,대평면,대평면 내촌리 199-3,35.160321,127.991198,2023,3
방범,대평면,대평면 내촌리 743-2,35.160813,127.988881,2017,3
방범,대평면,대평면 당촌리 1250,35.185951,127.968441,2023,2
방범,대평면,대평면 당촌리 1317-1,35.188022,127.968408,2023,2
방범,대평면,대평면 당촌리 1326-4,35.1881,127.96747,2019,2
방범,대평면,대평면 대평리 1204,35.240169,127.95453,2022,2
방범,대평면,대평면 대평리 297,35.231547,127.968799,2016,3
방범,대평면,대평면 대평리 514-1,35.234035,127.959948,2014,4
방범,대평면,대평면 대평리 514-8,35.234035,127.959948,2022,4
방범,대평면,대평면 대평리 537-5,35.23125,127.96012,2023,4
방범,대평면,대평면 대평리 603-1,35.230014,127.962497,2017,3
방범,대평면,대평면 대평리 708-4,35.224362,127.962778,2023,2
방범,대평면,대평면 대평리 산 113-11,35.23194,127.97077,2022,2
방범,대평면,대평면 신풍리 산 127-2,35.199063,127.995828,2019,2
방범,대평면,대평면 하촌리 644-2,35.197911,127.964781,2019,2
방범,대평면,대평면 하촌리 664-2,35.200325,127.966992,2016,3
방범,천전동,망경동 11-4,35.186686,128.084094,2025,3
방범,천전동,망경동 298,35.182013,128.081381,2020,2
방범,천전동,망경동 552-1,35.176248,128.085098,2022,2
방범,천전동,망경동 75-4,35.183578,128.080923,2024,1
방범,명석면,명석면 계원리 291-7,35.26741,128.04419,2019,3
방범,명석면,명석면 계원리 534,35.275006,128.035969,2022,2
방범,명석면,명석면 계원리 62-5,35.278714,128.035684,2017,2
재난재해,명석면,명석면 관지리 215-1,35.220824,128.041934,2019,1
방범,명석면,명석면 관지리 532-13,35.250319,128.03935,2022,2
방범,명석면,명석면 관지리 668-2,35.253602,128.040647,2016,7
방범,명석면,명석면 관지리 735-3,35.243666,128.042529,2022,1
방범,명석면,명석면 관지리 735-4,35.243666,128.042529,2015,1
방범,명석면,명석면 관지리 95-1,35.234408,128.045112,2019,1
방범,명석면,명석면 남성리 553-4,35.267878,128.050153,2019,2
방범,명석면,명석면 덕곡리 220-1,35.23055,128.01144,2019,3
방범,명석면,명석면 신기리 275-5,35.283287,128.033087,2021,2
방범,명석면,명석면 신기리 372,35.289932,128.03076,2019,2
재난재해,명석면,명석면 신기리 산 216,35.277096,128.020747,2019,2
재난재해,명석면,명석면 신기리 산 216,35.27681,128.02195,2020,2
방범,명석면,명석면 오미리 289-6,35.245355,127.993747,2018,2
방범,명석면,명석면 오미리 379-4,35.256306,127.995254,2018,3
방범,명석면,명석면 오미리 445-7,35.264365,127.993733,2021,2
방범,명석면,명석면 오미리 546-10,35.257028,127.994652,2017,2
방범,명석면,명석면 오미리 산 234-2,35.24052,127.98629,2022,2
방범,명석면,명석면 왕지리 208,35.23863,128.052573,2019,4
방범,명석면,명석면 왕지리13-3,35.252694,128.056651,2017,1
방범,명석면,명석면 외율리 800-1,35.280112,127.99369,2016,2
방범,명석면,명석면 외율리 산 198-12,35.278427,127.99375,2017,2
방범,명석면,명석면 용산리 21-10,35.219984,128.030608,2017,2
방범,명석면,명석면 용산리 370,35.234357,128.024142,2016,2
방범,명석면,명석면 용산리 450-2,35.225791,128.024063,2022,2
방범,명석면,명석면 용산리 787-3,35.267835,128.050181,2022,2
방범,명석면,명석면 우수리 101-20,35.217711,128.041558,2021,2
방범,명석면,명석면 우수리 109,35.217891,128.040784,2017,4
학교내,명석면,명석면 우수리 109,35.217998,128.039806,2019,12
방범,명석면,명석면 우수리 282-4,35.212346,128.030811,2021,4
방범,명석면,명석면 우수리 705-1,35.216506,128.031136,2019,3
방범,명석면,명석면 우수리 721-1,35.216039,128.041448,2018,3
방범,명석면,명석면 우수리 94-4,35.216979,128.041106,2019,4
방범,문산읍,문산읍 갈곡리 1072-1,35.148007,128.207895,2019,4
방범,문산읍,문산읍 갈곡리 213,35.142541,128.221424,2017,3
방범,문산읍,문산읍 갈곡리 656-15,35.1459,128.21181,2021,4
재난재해,문산읍,문산읍 동산리 산 131,35.191323,128.195645,2019,2
방범,문산읍,문산읍 두산리 1027,35.143013,128.135396,2016,2
방범,문산읍,문산읍 두산리 378,35.146057,128.151585,2019,2
방범,문산읍,문산읍 두산리 75-1,35.13558,128.162839,2017,3
방범,문산읍,문산읍 삼곡리 1104-2,35.160159,128.164394,2017,1
방범,문산읍,문산읍 삼곡리 1139-1,35.16449,128.162665,2019,2
방범,문산읍,문산읍 삼곡리 1139-11,35.16449,128.162665,2019,4
방범,문산읍,문산읍 삼곡리 1182-56,35.165866,128.163781,2016,1
방범,문산읍,문산읍 삼곡리 1199-10,35.166722,128.163223,2019,4
교통정보수집,문산읍,문산읍 삼곡리 1213-11,35.164809,128.16437,2021,6
방범,문산읍,문산읍 삼곡리 1215-3,35.164873,128.164626,2023,1
방범,문산읍,문산읍 삼곡리 1242-11,35.168603,128.165225,2019,2
방범,문산읍,문산읍 삼곡리 1247-2,35.169734,128.164633,2023,3
방범,문산읍,문산읍 삼곡리 1265-1,35.168597,128.164085,2019,4
재난재해,문산읍,문산읍 삼곡리 1314-4,35.164745,128.157695,2019,1
방범,문산읍,문산읍 삼곡리 1664-3,35.160299,128.171755,2019,3
방범,문산읍,문산읍 삼곡리 579-9,35.170895,128.172829,2016,2
방범,문산읍,문산읍 삼곡리 585-4,35.170245,128.169654,2019,3
방범,문산읍,문산읍 삼곡리 589-2,35.170079,128.167414,2018,4
방범,문산읍,문산읍 삼곡리 640-1 (파란채),35.166541,128.165859,2020,3
방범,문산읍,문산읍 삼곡리 640-7,35.167516,128.166447,2016,2
학교내,문산읍,문산읍 삼곡리 706,35.164277,128.168414,2019,11
방범,문산읍,문산읍 삼곡리 712-2,35.164544,128.167527,2023,3
방범,문산읍,문산읍 삼곡리 714-2,35.164333,128.167236,2023,4
방범,문산읍,문산읍 삼곡리 823-6,35.161403,128.171453,2022,2
방범,문산읍,문산읍 삼곡리 980-2,35.158795,128.16398,2018,4
방범,문산읍,문산읍 상문리 1016-3,35.171965,128.178064,2019,4
방범,문산읍,문산읍 상문리 1017-18,35.172509,128.173524,2016,2
방범,문산읍,문산읍 상문리 1148-24,35.171557,128.171696,2019,2
방범,문산읍,문산읍 상문리 208-3,35.16711,128.19487,2015,2
방범,문산읍,문산읍 소문리 114-13,35.170581,128.169162,2022,4
방범,문산읍,문산읍 소문리 114-8,35.170518,128.168145,2019,2
방범,문산읍,문산읍 소문리 128-135,35.171142,128.166786,2021,3
방범,문산읍,문산읍 소문리 153-34,35.168146,128.326323,2019,5
방범,문산읍,문산읍 소문리 153-86,35.17121,128.165408,2019,2
방범,문산읍,문산읍 소문리 1932-1,35.166808,128.142024,2018,3
방범,문산읍,문산읍 소문리 225,35.17055,128.162961,2022,4
학교내,문산읍,문산읍 소문리 225,35.171343,128.161537,2022,12
방범,문산읍,문산읍 소문리 2349-3,35.17622,128.132545,2019,1
교통정보수집,문산읍,문산읍 소문리 2370-111,35.168427,128.162478,2021,1
방범,문산읍,문산읍 소문리 2381,35.170541,128.163655,2022,3
방범,문산읍,문산읍 소문리 288-6,35.171181,128.161557,2022,3
방범,문산읍,문산읍 소문리 290-4,35.173666,128.159878,2022,4
교통정보수집,문산읍,문산읍 소문리 416-2,35.177117,128.156663,2018,4
방범,문산읍,문산읍 소문리 430,35.177053,128.156665,2017,2
방범,문산읍,문산읍 소문리 780-6,35.169208,128.162703,2019,4
방범,문산읍,문산읍 소문리57-2,35.171257,128.168943,2022,4
방범,문산읍,문산읍 안전리 59-3,35.148037,128.206385,2022,3
방범,문산읍,문산읍 안전리 805-4,35.136512,128.190785,2019,3
교통정보수집,문산읍,문산읍 옥산리 1022,35.161013,128.139933,2017,2
방범,문산읍,문산읍 옥산리 1236-4,35.157596,128.136505,2019,3
교통정보수집,문산읍,문산읍 옥산리 1380,35.162669,128.138081,2021,4
교통정보수집,문산읍,문산읍 옥산리 1414-2,35.163709,128.13721,2021,2
방범,문산읍,문산읍 옥산리 769-1,35.160535,128.150664,2017,4
방범,문산읍,문산읍 옥산리 832-1,35.160151,128.149154,2022,2
교통정보수집,문산읍,문산읍 옥산리 950,35.161327,128.139767,2015,4
방범,문산읍,문산읍 이곡리 650,35.135453,128.170087,2016,2
방범,문산읍,문산읍 이곡리 953-1,35.186996,128.222074,2019,3
방범,미천면,미천면 미곡리 770-3,35.313145,128.108457,2019,2
방범,미천면,미천면 미곡리 80-1,35.324081,128.124291,2021,2
방범,미천면,미천면 미곡리 84-8,35.316259,128.113091,2020,2
방범,미천면,미천면 반지리 288-2,35.271875,128.11458,2019,2
방범,미천면,미천면 반지리 638-3,35.265065,128.116129,2019,3
방범,미천면,미천면 벌당리 203-1,35.265602,128.129502,2020,2
방범,미천면,미천면 벌당리 73-4,35.28343,128.122493,2020,2
방범,미천면,미천면 안간리 1297,35.305881,128.079124,2019,2
방범,미천면,미천면 안간리 487,35.317645,128.090332,2021,3
방범,미천면,미천면 안간리 797-5,35.317886,128.088552,2019,6
학교내,미천면,미천면 안간리 797-5,35.318959,128.088138,2023,7
방범,미천면,미천면 안간리 산 189-1,35.309939,128.088937,2019,2
방범,미천면,미천면 어옥리 188-3,35.29726,128.14766,2019,2
방범,미천면,미천면 어옥리 676-2,35.302643,128.135127,2020,2
방범,미천면,미천면 오방리 757-3,35.299082,128.115981,2019,3
방범,미천면,미천면 오방리 949,35.296427,128.120592,2020,2
방범,미천면,미천면 향양리 585-9,35.28983,128.10571,2019,2
방범,미천면,미천면 효자리 278-2,35.333703,128.085965,2019,2
방범,미천면,미천면 효자리 288-2,35.332094,128.084337,2013,3
방범,미천면,미천면 효자리 84,35.333784,128.087134,2022,2
방범,미천면,미천면 효자리 산 76-1,35.333356,128.085756,2019,2
방범,성북동,봉곡동 489-22,35.193723,128.069074,2020,3
방범,성북동,봉곡동 6-25,35.195821,128.078014,2019,1
방범,사봉면,사봉면 마성리 1074-12,35.204212,128.236327,2016,3
방범,사봉면,사봉면 마성리 459,35.218258,128.236964,2022,3
방범,사봉면,사봉면 무촌리 1053,35.182608,128.25898,2014,4
방범,사봉면,사봉면 무촌리 117-10,35.175818,128.275334,2017,2
재난재해,사봉면,사봉면 무촌리 1380-3,35.182424,128.258229,2017,1
방범,사봉면,사봉면 무촌리 502-1,35.180897,128.264999,2017,2
방범,사봉면,사봉면 방촌리 552-3,35.204265,128.236301,2021,4
방범,사봉면,사봉면 봉곡리 1004-3,35.199302,128.277904,2018,2
방범,사봉면,사봉면 봉곡리 1440,35.192214,128.291974,2023,2
방범,사봉면,사봉면 봉곡리 334-1,35.206778,128.283218,2021,3
방범,사봉면,사봉면 봉곡리 627-38,35.196626,128.291539,2022,2
방범,사봉면,사봉면 봉곡리 632-1,35.195945,128.290398,2017,2
방범,사봉면,사봉면 봉곡리 899-1,35.197253,128.273651,2016,2
방범,사봉면,사봉면 부계리 1340-6,35.189292,128.295629,2016,2
방범,사봉면,사봉면 부계리 619-4 (부동마을),35.189027,128.312154,2016,3
방범,사봉면,사봉면 부계리 854-1,35.212227,128.310063,2018,2
방범,사봉면,사봉면 사곡리 1169-2,35.186888,128.262202,2014,2
방범,사봉면,사봉면 사곡리 1176-2,35.187988,128.263629,2018,3
방범,사봉면,사봉면 사곡리 1845-7,35.189619,128.27584,2019,4
방범,사봉면,사봉면 사곡리 1853,35.184723,128.287095,2021,3
방범,사봉면,사봉면 사곡리 993-1,35.187738,128.269758,2018,7
학교내,사봉면,사봉면 사곡리 993-1,35.189225,128.269491,2018,9
방범,상대동,상대동 180-26,35.187153,128.115612,2020,3
방범,상대동,상대동 191,35.18728,128.118299,2022,2
방범,상대동,상대동 196-8,35.186399,128.116934,2023,4
방범,상대동,상대동 199-37,35.185713,128.115921,2019,4
방범,상대동,상대동 203,35.184978,128.114458,2021,4
방범,상대동,상대동 204-1,35.184893,128.11683,2020,2
방범,상대동,상대동 238-1,35.184185,128.11574,2017,3
방범,상대동,상대동 239-8,35.183441,128.11281,2022,4
방범,상대동,상대동 244-22,35.182698,128.112814,2022,2
방범,상대동,상대동 245-26,35.182019,128.112869,2016,3
방범,상대동,상대동 246-1,35.181903,128.111909,2022,4
방범,상대동,상대동 247-8,35.181855,128.11147,2022,1
방범,상대동,상대동 272-23,35.182545,128.110714,2021,4
방범,상대동,상대동 275-24,35.181078,128.109493,2022,5
방범,상대동,상대동 275-3,35.18114,128.110509,2019,3
재난재해,상대동,상대동 276-9,35.180274,128.110276,2020,1
방범,상대동,상대동 282-14,35.181744,128.107489,2022,2
방범,상대동,상대동 284,35.17973,128.108065,2020,3
재난재해,상대동,상대동 284,35.18049,128.10783,2021,4
방범,상대동,상대동 284,35.17973,128.10948,2021,3
방범,상대동,상대동 286-29,35.18094,128.105974,2019,2
방범,상대동,상대동 291-4,35.180126,128.104386,2019,2
방범,상대동,상대동 293-3,35.180242,128.104251,2020,2
방범,상대동,상대동 293-7,35.180725,128.102845,2020,3
교통정보수집,상대동,상대동 295-18,35.179478,128.100966,2022,2
방범,상대동,상대동 295-18,35.179029,128.101218,2022,2
방범,상대동,상대동 296-28,35.178686,128.103732,2021,2
방범,상대동,상대동 296-44,35.17847,128.10337,2020,2
교통정보수집,상대동,상대동 296-84,35.179703,128.101127,2019,4
재난재해,상대동,상대동 296-98 (강뚝),35.178142,128.100628,2022,1
방범,상대동,상대동 298-1,35.179802,128.110237,2020,1
교통정보수집,상대동,상대동 298-6,35.179815,128.106869,2022,4
방범,상대동,상대동 299-3,35.179862,128.112212,2023,1
방범,상대동,상대동 299-3,35.179751,128.112204,2018,1
교통정보수집,상대동,상대동 299-9,35.179839,128.110038,2022,4
방범,상대동,상대동 300-38,35.178704,128.109776,2022,2
방범,상대동,상대동 300-48,35.178639,128.111865,2019,3
주정차단속,상대동,상대동 300-5,35.179816,128.110916,2020,2
방범,상대동,상대동 301-25,35.178085,128.113187,2016,4
방범,상대동,상대동 301-83,35.177577,128.115012,2020,1
방범,상대동,상대동 302-27,35.179438,128.113701,2016,3
교통정보수집,상대동,상대동 303-62,35.179592,128.112281,2022,1
방범,상대동,상대동 303-62,35.17973,128.111947,2023,2
방범,상대동,상대동 306-38,35.183205,128.11599,2019,2
방범,상대동,상대동 308-10,35.182041,128.114709,2017,5
방범,상대동,상대동 308-57,35.181001,128.114921,2020,1
교통정보수집,상대동,상대동 309-2,35.180368,128.117338,2023,2
방범,상대동,상대동 309-28,35.180025,128.114875,2022,2
방범,상대동,상대동 311-14,35.178877,128.115068,2019,2
방범,상대동,상대동 311-14,35.178765,128.114926,2021,2
방범,상대동,상대동 311-51,35.177875,128.116662,2021,2
방범,상대동,상대동 311-7,35.178799,128.116572,2023,2
방범,상대동,상대동 312-13,35.17858,128.117675,2018,2
방범,상대동,상대동 313-11,35.180368,128.117338,2022,4
재난재해,상대동,상대동 314-7,35.180314,128.118494,2021,4
방범,상대동,상대동 322-1,35.184368,128.111856,2018,2
방범,상대동,상대동 325-1,35.184148,128.11216,2019,2
방범,상대동,상대동 328-14,35.182101,128.117523,2019,4
방범,상대동,상대동 330-88,35.184333,128.117884,2019,2
방범,상대동,상대동 33-106,35.181199,128.12006,2022,5
방범,상대동,상대동 33-12,35.184236,128.12784,2020,2
방범,상대동,상대동 33-121,35.184106,128.125256,2021,1
방범,상대동,상대동 33-125,35.179026,128.119929,2022,4
방범,상대동,상대동 33-172,35.184106,128.125256,2021,3
방범,상대동,상대동 33-18,35.182482,128.125245,2021,2
방범,상대동,상대동 33-18,35.182507,128.124884,2022,5
방범,상대동,상대동 33-180,35.17828,128.127853,2022,5
방범,상대동,상대동 332-1,35.179354,128.101892,2017,1
교통정보수집,상대동,상대동 33-23,35.180521,128.122642,2022,4
방범,상대동,상대동 334-1,35.179518,128.106965,2022,3
방범,상대동,상대동 33-75,35.184176,128.128901,2017,1
재난재해,상대동,상대동 33-75 (하대아파트110동 건너,35.184431,128.127059,2020,1
방범,상대동,상대동 33-90,35.182605,128.127536,2022,4
교통정보수집,상대동,상대동 33-97,35.180414,128.129265,2021,3
방범,상대동,상대동 33-97,35.180768,128.129298,2021,3
교통정보수집,상대동,상대동 33-97,35.180566,128.129531,2022,1
재난재해,상대동,상대동 33-97,35.18047,128.129797,2018,1
방범,상대동,상대동 402-4,35.185283,128.112534,2022,3
방범,상대동,상대동 511-3,35.188328,128.114049,2020,3
방범,상대동,상대동 515-7,35.186791,128.110267,2022,2
방범,상대동,상대동 515-7,35.17772,128.114768,2020,3
방범,상대동,상대동 532,35.185536,128.110509,2021,2
방범,상대동,상대동 571,35.185118,128.108662,2020,3
방범,상대동,상대동 615-14,35.183637,128.107799,2023,3
방범,상대동,상대동 645-9,35.182788,128.109205,2018,10
학교내,상대동,상대동 645-9,35.1838,128.109427,2018,6
방범,상대동,상대동 734-22,35.181315,128.101298,2022,2
방범,상대동,상대동 764-12,35.18153,128.101664,2019,2
방범,상대동,상대동 819-1,35.18613,128.100432,2020,2
방범,상대동,상대동 898-96,35.179077,128.100754,2022,2
방범,상대동,상대동 산 51-1,35.190165,128.103073,2022,2
방범,상봉동,상봉동 1004-26,35.196884,128.077431,2015,4
방범,상봉동,상봉동 1012-11,35.198508,128.076231,2019,3
방범,상봉동,상봉동 1016-9,35.198689,128.076758,2017,4
방범,상봉동,상봉동 1019-21,35.199429,128.075337,2022,4
재난재해,상봉동,상봉동 1020-13,35.199456,128.075084,2019,3
방범,상봉동,상봉동 1022-6,35.201262,128.074015,2022,2
방범,상봉동,상봉동 1030-10,35.199492,128.073938,2022,1
방범,상봉동,상봉동 1030-18,35.199592,128.074297,2019,4
방범,상봉동,상봉동 1031-1,35.199163,128.074457,2019,6
방범,상봉동,상봉동 1038-1,35.19836,128.07522,2022,2
방범,상봉동,상봉동 1042-2,35.196957,128.075549,2021,3
방범,상봉동,상봉동 1060-33,35.197703,128.073608,2022,4
방범,상봉동,상봉동 1066-9,35.196725,128.072862,2021,2
방범,상봉동,상봉동 1075-2,35.197416,128.071413,2019,5
방범,상봉동,상봉동 1090-3,35.198519,128.071616,2019,2
방범,상봉동,상봉동 1092-32,35.197469,128.07122,2021,1
방범,상봉동,상봉동 1093-34,35.196664,128.070258,2019,4
방범,상봉동,상봉동 1097-2,35.195379,128.070155,2022,2
방범,상봉동,상봉동 1098-4,35.195795,128.069443,2020,2
방범,상봉동,상봉동 1105-16,35.196701,128.068499,2021,3
방범,상봉동,상봉동 1344-1,35.204996,128.066916,2023,2
방범,상봉동,상봉동 1422-11,35.201529,128.074585,2021,4
방범,상봉동,상봉동 1451-1,35.202699,128.072766,2020,2
방범,상봉동,상봉동 1451-14,35.201969,128.072423,2019,2
방범,상봉동,상봉동 1451-34,35.201978,128.073451,2020,2
방범,상봉동,상봉동 1452,35.201982,128.073937,2012,5
방범,상봉동,상봉동 1452,35.20173,128.07369,2019,2
방범,상봉동,상봉동 401,35.205971,128.081192,2022,1
방범,상봉동,상봉동 420,35.20258,128.081444,2022,1
방범,상봉동,상봉동 432-1,35.202995,128.07952,2022,1
학교내,상봉동,상봉동 465-1,35.193889,128.075243,2018,6
방범,상봉동,상봉동 588-3,35.205381,128.074645,2020,3
방범,상봉동,상봉동 597-17,35.205046,128.07345,2022,2
방범,상봉동,상봉동 618-1,35.202935,128.072082,2022,3
방범,상봉동,상봉동 7-16,35.195667,128.078124,2019,4
방범,상봉동,상봉동 741-1,35.202559,128.067815,2014,4
방범,상봉동,상봉동 745-3,35.20042,128.067164,2021,2
방범,상봉동,상봉동 746-1,35.200992,128.067621,2021,4
방범,상봉동,상봉동 751-2,35.199037,128.066538,2022,1
방범,상봉동,상봉동 777,35.199893,128.069122,2018,1
방범,상봉동,상봉동 777,35.199951,128.0706,2019,8
학교내,상봉동,상봉동 777,35.201726,128.070505,2022,5
방범,상봉동,상봉동 790-3,35.19943,128.068273,2018,3
방범,상봉동,상봉동 806-35,35.198166,128.069723,2019,4
방범,상봉동,상봉동 806-48,35.198288,128.068959,2021,2
방범,상봉동,상봉동 812-28,35.200032,128.072677,2021,2
방범,상봉동,상봉동 813-20,35.20032,128.073094,2017,4
방범,상봉동,상봉동 831-1,35.201226,128.066885,2020,1
방범,상봉동,상봉동 832-4,35.199878,128.067792,2021,2
방범,상봉동,상봉동 833-2,35.1987,128.067188,2022,3
방범,상봉동,상봉동 839-2,35.200036,128.077351,2020,2
방범,상봉동,상봉동 848-9,35.198135,128.074002,2021,4
방범,상봉동,상봉동 857-17,35.198199,128.078132,2021,4
방범,상봉동,상봉동 896-6,35.200421,128.078483,2015,2
방범,상봉동,상봉동 916-7,35.198975,128.080392,2019,3
방범,상봉동,상봉동 940,35.199444,128.079614,2021,2
방범,상봉동,상봉동 967-12,35.201261,128.081045,2021,2
방범,상봉동,상봉동 972-1,35.201274,128.079694,2014,2
방범,상봉동,상봉동 987-4,35.199203,128.082027,2022,2
방범,상평동,상평동 1067-183,35.17838,128.13017,2019,2
재난재해,상평동,상평동 1067-239,35.178622,128.130114,2021,1
방범,상평동,상평동 154-25,35.175717,128.118121,2022,3
방범,상평동,상평동 155-21,35.174597,128.11808,2022,2
방범,상평동,상평동 155-4,35.174532,128.120471,2022,3
방범,상평동,상평동 156-4,35.174245,128.118077,2022,4
방범,상평동,상평동 157-4,35.172503,128.120274,2022,3
방범,상평동,상평동 158-13,35.172425,128.118181,2022,1
방범,상평동,상평동 159-3,35.170132,128.119286,2022,4
방범,상평동,상평동 166-6,35.17007,128.11743,2021,2
방범,상평동,상평동 168-1,35.169946,128.116849,2020,2
방범,상평동,상평동 191-3,35.171223,128.115495,2018,4
방범,상평동,상평동 194-13,35.174314,128.115214,2018,5
방범,상평동,상평동 195-1,35.175673,128.117087,2022,2
방범,상평동,상평동 197-43,35.176683,128.11501,2018,2
방범,상평동,상평동 198-43,35.176662,128.112493,2019,2
방범,상평동,상평동 199-16,35.176513,128.112475,2019,2
방범,상평동,상평동 202-13,35.172161,128.115365,2016,4
방범,상평동,상평동 202-7,35.17336,128.113115,2022,4
방범,상평동,상평동 203-24,35.172058,128.112719,2022,4
방범,상평동,상평동 205-24,35.169979,128.115297,2022,3
방범,상평동,상평동 206-10,35.169961,128.11365,2021,2
방범,상평동,상평동 206-9,35.169861,128.112791,2022,4
방범,상평동,상평동 207-10,35.170611,128.113998,2022,2
방범,상평동,상평동 215-22,35.174349,128.112267,2022,4
방범,상평동,상평동 218-1,35.177572,128.111614,2017,2
방범,상평동,상평동 219-45,35.177981,128.108629,2017,2
방범,상평동,상평동 220-16,35.177403,128.108285,2022,2
방범,상평동,상평동 221-13,35.175855,128.108252,2023,1
방범,상평동,상평동 221-33,35.176388,128.109727,2018,2
방범,상평동,상평동 221-8,35.17594,128.108356,2022,4
방범,상평동,상평동 22-18,35.17556,128.10805,2021,2
방범,상평동,상평동 223-2,35.174088,128.109972,2019,5
방범,상평동,상평동 224-2,35.17188,128.110096,2022,4
방범,상평동,상평동 232-1,35.169995,128.106245,2022,4
교통정보수집,상평동,상평동 233-7,35.170681,128.10312,2021,1
방범,상평동,상평동 234-16,35.171862,128.104382,2022,4
방범,상평동,상평동 234-3,35.17094,128.107427,2019,2
방범,상평동,상평동 235-2,35.171692,128.107476,2023,5
교통정보수집,상평동,상평동 238,35.169206,128.107604,2021,1
방범,상평동,상평동 240-6,35.169746,128.109892,2019,3
방범,상평동,상평동 244-1,35.169618,128.110227,2018,1
방범,상평동,상평동 245-6,35.169129,128.111591,2022,4
교통정보수집,상평동,상평동 247-7,35.168174,128.112987,2022,1
방범,상평동,상평동 251-7,35.169543,128.114201,2017,3
방범,상평동,상평동 256-2,35.168491,128.114969,2021,1
방범,상평동,상평동 257-2,35.168792,128.114678,2021,2
교통정보수집,상평동,상평동 265-7,35.168409,128.116761,2019,2
방범,상평동,상평동 266-23,35.173282,128.107291,2022,2
방범,상평동,상평동 267-9,35.173994,128.107313,2022,2
방범,상평동,상평동 268-2,35.175266,128.108707,2021,2
방범,상평동,상평동 268-3,35.175374,128.105057,2023,4
방범,상평동,상평동 268-30,35.175612,128.104586,2022,2
방범,상평동,상평동 269-114,35.176189,128.10478,2018,4
방범,상평동,상평동 269-18,35.177207,128.104496,2019,3
방범,상평동,상평동 270-37,35.177999,128.107009,2022,2
방범,상평동,상평동 274-1,35.175891,128.101912,2019,3
방범,상평동,상평동 277-3,35.174962,128.101644,2021,1
방범,상평동,상평동 277-35,35.173889,128.101968,2016,1
방범,상평동,상평동 277-41,35.174962,128.101644,2019,1
방범,상평동,상평동 278-1,35.175017,128.101683,2018,10
학교내,상평동,상평동 278-1,35.173062,128.101392,2018,17
방범,상평동,상평동 278-6,35.172641,128.099948,2022,6
방범,상평동,상평동 279-15,35.173994,128.104531,2022,4
방범,상평동,상평동 279-26,35.172915,128.104377,2021,3
방범,상평동,상평동 283-1,35.172729,128.100023,2021,2
교통정보수집,상평동,상평동 301-22,35.168945,128.119578,2022,3
방범,상평동,상평동 303-1,35.170212,128.120286,2022,4
방범,상평동,상평동 307-3,35.171582,128.123056,2022,2
교통정보수집,상평동,상평동 308-8,35.170168,128.123366,2018,2
방범,상평동,상평동 309-1,35.171442,128.123283,2022,2
방범,상평동,상평동 313-1,35.173072,128.124387,2021,3
방범,상평동,상평동 314-9,35.172393,128.124603,2019,3
교통정보수집,상평동,상평동 317-21,35.171691,128.12523,2022,1
방범,상평동,상평동 318-4,35.174907,128.128567,2018,2
교통정보수집,상평동,상평동 321-7,35.178501,128.129903,2012,1
방범,상평동,상평동 371-1,35.17342,128.127332,2023,2
방범,상평동,상평동 371-1,35.173508,128.127804,2012,3
방범,상평동,상평동 404-1,35.171641,128.125276,2018,1
방범,상평동,상평동 478-9,35.168652,128.121556,2017,3
방범,상평동,상평동 501,35.168382,128.11169,2017,1
방범,상평동,상평동 501,35.168284,128.112728,2021,1
방범,상평동,상평동 55,35.177993,128.120446,2018,2
방범,상평동,상평동 55-14,35.176852,128.119993,2023,5
방범,상평동,상평동 55-23,35.178184,128.125173,2022,4
방범,상평동,상평동 553-10,35.167974,128.116572,2018,3
방범,상평동,상평동 55-40,35.170249,128.120494,2022,2
방범,상평동,상평동 55-54,35.176359,128.128144,2023,4
방범,상평동,상평동 55-80,35.174266,128.125623,2021,3
방범,상평동,상평동 55-80,35.174207,128.125738,2019,1
교통정보수집,상평동,상평동 55-85,35.176164,128.129337,2021,6
재난재해,성북동,성북동 10,35.193468,128.081692,2019,2
방범,성북동,성북동 1024,35.193195,128.078995,2020,1
방범,성북동,성북동 109,35.19464,128.08055,2020,4
방범,성북동,성북동 109,35.19464,128.08055,2021,4
방범,성북동,성북동 1-1,35.197219,128.079555,2019,3
방범,성북동,성북동 1-11,35.19102,128.079206,2020,1
방범,성북동,성북동 1-12,35.191087,128.078507,2019,4
방범,성북동,성북동 120-16,35.192382,128.075472,2021,4
방범,성북동,성북동 121-1,35.196062,128.08108,2015,2
방범,성북동,성북동 12-13,35.192683,128.082809,2020,1
방범,성북동,성북동 12-16,35.191445,128.080669,2020,2
방범,성북동,성북동 1-24,35.193195,128.078995,2020,1
방범,성북동,성북동 1-25,35.192493,128.079286,2017,7
학교내,성북동,성북동 1-25,35.193687,128.077954,2022,12
방범,성북동,성북동 131-93,35.192666,128.07541,2022,2
방범,성북동,성북동 137-18,35.191016,128.075856,2016,3
방범,성북동,성북동 14-1,35.192687,128.081192,2020,2
방범,성북동,성북동 143-132,35.191248,128.074154,2019,4
방범,성북동,성북동 143-22,35.191331,128.073556,2017,3
방범,성북동,성북동 143-24,35.190152,128.07462,2016,2
방범,성북동,성북동 146-26,35.192131,128.073209,2017,2
방범,성북동,성북동 15-16,35.192467,128.080437,2020,1
방범,성북동,성북동 161-7,35.188607,128.074138,2019,3
방범,성북동,성북동 16-18,35.191542,128.080698,2021,2
방범,성북동,성북동 162,35.194729,128.079266,2023,2
방범,성북동,성북동 168,35.187773,128.073126,2019,2
방범,성북동,성북동 17-8,35.195143,128.077734,2020,3
방범,성북동,성북동 1-8,35.191424,128.078902,2019,2
방범,성북동,성북동 18-1,35.19512,128.078279,2020,2
방범,성북동,성북동 181-36,35.18997,128.071598,2016,3
재난재해,성북동,성북동 181-36,35.190018,128.071894,2023,1
방범,성북동,성북동 189-17,35.192111,128.069832,2015,3
방범,성북동,성북동 189-9,35.192757,128.070179,2015,4
방범,성북동,성북동 19-11,35.193916,128.077785,2018,2
방범,성북동,성북동 191-11,35.191385,128.070849,2019,3
방범,성북동,성북동 192-14,35.190489,128.071191,2023,4
방범,성북동,성북동 196-8,35.190638,128.072609,2022,3
방범,성북동,성북동 202,35.193848,128.079399,2019,2
방범,성북동,성북동 2-14,35.191963,128.082398,2016,2
방범,성북동,성북동 219,35.195989,128.082184,2007,2
방범,성북동,성북동 22,35.197462,128.080537,2022,2
방범,성북동,성북동 2-3,35.192466,128.081356,2021,4
방범,성북동,성북동 24-1,35.190574,128.080027,2019,3
방범,성북동,성북동 24-16,35.1957,128.076253,2020,2
방범,성북동,성북동 253-3,35.191635,128.069544,2019,4
방범,성북동,성북동 27,35.197924,128.07958,2019,3
교통정보수집,성북동,성북동 27-1,35.19543,128.075829,2016,2
방범,성북동,성북동 32,35.195952,128.076714,2020,2
방범,성북동,성북동 32,35.195592,128.076416,2020,1
방범,성북동,성북동 442-6,35.194934,128.073746,2011,3
방범,성북동,성북동 445-3,35.194679,128.074724,2015,1
방범,성북동,성북동 464-1,35.194533,128.07439,2017,3
방범,성북동,성북동 465-1,35.193324,128.073984,2015,4
방범,성북동,성북동 466-1,35.194004,128.075751,2017,2
방범,성북동,성북동 467-1,35.193762,128.074914,2017,1
방범,성북동,성북동 467-11,35.193619,128.07461,2017,4
방범,성북동,성북동 467-9,35.192988,128.074839,2021,2
방범,성북동,성북동 470-6,35.19414,128.073227,2022,3
방범,성북동,성북동 471-2,35.194493,128.073699,2015,1
방범,성북동,성북동 473-7,35.195182,128.072634,2023,2
방범,성북동,성북동 474-35,35.195472,128.072204,2019,3
방범,성북동,성북동 476-4,35.194107,128.071296,2019,4
방범,성북동,성북동 478-16,35.19364,128.072962,2019,4
방범,성북동,성북동 479-13,35.192602,128.071886,2005,2
방범,성북동,성북동 483-7,35.193176,128.071114,2022,2
방범,성북동,성북동 5,35.191339,128.08271,2015,2
방범,성북동,성북동 5-17,35.19321,128.077597,2011,4
방범,성북동,성북동 5-5,35.193169,128.076848,2019,3
방범,성북동,성북동 6-5,35.190927,128.082565,2020,3
방범,성북동,성북동 6-8,35.191225,128.081855,2022,2
방범,수곡면,수곡면 대천리 273-12,35.201422,127.927774,2016,2
방범,수곡면,수곡면 대천리 431-11,35.197803,127.928957,2018,2
방범,수곡면,수곡면 대천리 98-1,35.200623,127.931512,2021,6
학교내,수곡면,수곡면 대천리 98-1,35.200411,127.932092,2016,4
방범,수곡면,수곡면 사곡리 231-3,35.20808,127.93344,2021,3
방범,수곡면,수곡면 사곡리 582,35.215899,127.922599,2019,2
방범,수곡면,수곡면 사곡리 71-1,35.222814,127.932367,2016,2
방범,수곡면,수곡면 사곡리 942-2,35.240155,127.917716,2022,4
방범,수곡면,수곡면 원계리 269-1,35.211117,127.896444,2017,3
방범,수곡면,수곡면 원계리 710-5,35.215366,127.895408,2013,2
방범,수곡면,수곡면 원계리 812,35.225552,127.895124,2015,2
방범,수곡면,수곡면 원내리 244-2,35.158706,127.957445,2017,1
방범,수곡면,수곡면 원내리 614-9,35.17155,127.951073,2015,3
재난재해,수곡면,수곡면 원내리 865-49,35.15963,127.96152,2018,1
재난재해,수곡면,수곡면 원내리 96-4,35.16543,127.959387,2019,1
방범,수곡면,수곡면 원외리 227-1,35.160421,127.948433,2016,2
재난재해,수곡면,수곡면 원외리 635-5,35.165442,127.940417,2019,1
방범,수곡면,수곡면 자매리 58-8,35.243925,127.935405,2020,3
방범,수곡면,수곡면 창촌리 270-2,35.18186,127.92065,2021,3
방범,수곡면,수곡면 창촌리 479,35.195788,127.897869,2016,2
재난재해,수곡면,수곡면 창촌리 741,35.195774,127.897134,2017,3
재난재해,수곡면,수곡면 창촌리 743,35.189923,127.905762,2017,3
재난재해,수곡면,수곡면 창촌리 745,35.183294,127.915569,2018,3
방범,수곡면,수곡면 효자리508-2,35.194188,127.938025,2023,3
방범,신안동,신안동 10-33,35.187066,128.072143,2020,1
방범,신안동,신안동 11-64,35.186767,128.069723,2018,2
방범,신안동,신안동 11-74,35.187739,128.070558,2017,5
방범,신안동,신안동 15-63,35.186676,128.072773,2020,2
방범,신안동,신안동 16-15,35.186782,128.073187,2018,2
방범,신안동,신안동 17-1,35.186602,128.073986,2016,4
방범,신안동,신안동 19-25,35.185815,128.071344,2018,2
방범,신안동,신안동 23-8,35.184704,128.073612,2018,3
방범,신안동,신안동 25-18,35.183543,128.072594,2017,4
방범,신안동,신안동 26-39,35.182986,128.074101,2018,3
교통정보수집,신안동,신안동 26-7,35.183958,128.074663,2017,2
교통정보수집,신안동,신안동 277,35.185244,128.075311,2020,5
방범,신안동,신안동 28-3,35.183188,128.072345,2018,2
방범,신안동,신안동 30-5,35.182491,128.071759,2018,5
방범,신안동,신안동 33-16,35.181399,128.072194,2016,2
교통정보수집,신안동,신안동 33-16,35.181002,128.073068,2017,2
방범,신안동,신안동 341,35.17487,128.061577,2018,2
교통정보수집,신안동,신안동 34-2,35.18064,128.071228,2019,6
방범,신안동,신안동 350-6,35.18401,128.06759,2018,3
방범,신안동,신안동 35-29,35.186847,128.064833,2018,2
방범,신안동,신안동 3-6,35.190309,128.069379,2017,5
방범,신안동,신안동 380,35.185368,128.06889,2018,2
방범,신안동,신안동 380,35.184183,128.067121,2019,1
학교내,신안동,신안동 380,35.18491,128.067916,2022,16
방범,신안동,신안동 385-3,35.18435,128.06671,2020,3
방범,신안동,신안동 388-8,35.18339,128.066543,2015,4
방범,평거동,신안동 396-31,35.18314,128.064108,2024,3
방범,신안동,신안동 396-41,35.182835,128.063403,2015,5
방범,평거동,신안동 417-21,35.182856,128.064761,2024,2
방범,신안동,신안동 425-2,35.182731,128.066027,2015,2
방범,신안동,신안동 4-3,35.189435,128.070912,2018,2
방범,신안동,신안동 436,35.185078,128.07025,2018,3
방범,신안동,신안동 442-4,35.183612,128.069236,2018,2
방범,신안동,신안동 443-11,35.183612,128.069725,2019,2
방범,신안동,신안동 451,35.181803,128.068097,2019,3
방범,신안동,신안동 454-3,35.179784,128.066615,2019,3
방범,신안동,신안동 454-4,35.181565,128.06891,2019,1
방범,신안동,신안동 457-8,35.181204,128.070192,2017,2
방범,신안동,신안동 46,35.183659,128.067993,2018,2
방범,신안동,신안동 460-13,35.179745,128.069721,2019,3
방범,신안동,신안동 461-12,35.179854,128.069145,2018,4
방범,신안동,신안동 461-20,35.180649,128.069709,2018,3
방범,신안동,신안동 463-2,35.179773,128.0685,2018,2
방범,신안동,신안동 469-10,35.178943,128.070596,2016,2
방범,신안동,신안동 47,35.186552,128.068674,2018,3
방범,신안동,신안동 475,35.183045,128.068438,2020,15
학교내,신안동,신안동 475,35.181949,128.068811,2016,8
방범,신안동,신안동 514-2,35.182102,128.074054,2018,2
방범,신안동,신안동 530-1,35.177049,128.071736,2019,2
교통정보수집,신안동,신안동 531-4,35.177557,128.071123,2018,8
방범,신안동,신안동 5-39,35.189448,128.07027,2018,2
방범,신안동,신안동 581-8,35.178721,128.064851,2020,5
방범,신안동,신안동 594-4,35.172821,128.069697,2019,3
교통정보수집,평거동,신안동 609-2,35.163908,128.055696,2024,4
방범,신안동,신안동 613-1,35.17054,128.06759,2022,2
방범,신안동,신안동 705-1,35.176075,128.066446,2020,2
방범,신안동,신안동 705-1,35.17711,128.064835,2019,2
방범,신안동,신안동 705-2,35.177388,128.065587,2016,4
방범,신안동,신안동 707-3,35.178882,128.06646,2019,2
방범,신안동,신안동 708-2,35.176726,128.069708,2019,2
방범,신안동,신안동 708-3,35.17744,128.07068,2018,2
방범,신안동,신안동 710-1,35.177118,128.067265,2017,4
방범,신안동,신안동 710-1,35.175748,128.067683,2020,4
방범,신안동,신안동 710-1,35.176789,128.068428,2017,4
학교내,신안동,신안동 710-1,35.17623,128.06729,2022,12
방범,신안동,신안동 710-3,35.176948,128.06795,2018,2
방범,신안동,신안동 7-2,35.189027,128.06952,2018,3
방범,신안동,신안동 724-16,35.175894,128.068605,2018,5
방범,신안동,신안동 724-5,35.176067,128.068951,2020,3
방범,신안동,신안동 766-3,35.178235,128.063142,2015,2
방범,신안동,신안동 774-7,35.178204,128.062241,2018,3
방범,신안동,신안동 780-21,35.179304,128.062237,2018,2
방범,신안동,신안동 782-75,35.179888,128.06231,2016,3
방범,평거동,신안동 806,35.178174,128.059995,2024,2
방범,신안동,신안동 808-4,35.177,128.058377,2018,3
재난재해,신안동,신안동 8-1,35.189073,128.070862,2019,1
방범,신안동,신안동 819-1,35.178933,128.060714,2022,2
방범,신안동,신안동 875-2,35.180269,128.055826,2020,1
주정차단속,신안동,신안동 884-2,35.180569,128.065019,2022,3
방범,평거동,신안동 887-1,35.182247,128.06484,2023,2
방범,신안동,신안동 892-1,35.179549,128.063154,2018,4
방범,신안동,신안동 892-6,35.178745,128.062753,2018,2
방범,신안동,신안동465-14,35.178778,128.069708,2017,3
방범,이현동,유곡동 29-3,35.19498,128.067716,2019,2
방범,이반성면,이반성면 가산리 1160-4,35.161946,128.310389,2020,3
방범,이반성면,이반성면 가산리 1283-77,35.156551,128.319521,2019,2
방범,이반성면,이반성면 가산리 431-2,35.156305,128.315789,2021,2
방범,이반성면,이반성면 가산리 566-8,35.153277,128.314448,2016,3
교통정보수집,이반성면,이반성면 길성리 1240-8,35.149149,128.324204,2020,3
방범,이반성면,이반성면 길성리 573-2,35.139644,128.328749,2018,2
교통정보수집,이반성면,이반성면 길성리 791-3,35.147602,128.326157,2020,3
방범,이반성면,이반성면 대천리 1066-1,35.137316,128.308111,2012,2
방범,이반성면,이반성면 대천리 1082-5,35.138707,128.30744,2019,2
방범,이반성면,이반성면 대천리 114-3,35.155627,128.305604,2019,3
방범,이반성면,이반성면 대천리 15-2,35.155627,128.305604,2019,3
방범,이반성면,이반성면 대천리 25-2,35.155727,128.309061,2025,3
방범,이반성면,이반성면 대천리 31-2,35.155627,128.305604,2019,3
방범,이반성면,이반성면 대천리 77-4,35.155627,128.305604,2019,3
방범,이반성면,이반성면 대천리 880,35.148745,128.309121,2019,2
방범,이반성면,이반성면 발산리 559-3,35.142526,128.343016,2019,2
방범,이반성면,이반성면 발산리 620-2,35.142211,128.343232,2021,2
방범,이반성면,이반성면 발산리 645-1,35.142283,128.343029,2018,1
방범,이반성면,이반성면 용암리 280-8,35.168146,128.326323,2016,5
방범,이반성면,이반성면 용암리 578-2,35.169705,128.31934,2021,3
방범,이반성면,이반성면 장안리 1097-13,35.191757,128.335006,2019,3
방범,이반성면,이반성면 장안리 1202,35.189647,128.339096,2019,3
방범,이반성면,이반성면 장안리 958-1,35.193411,128.347094,2019,2
방범,이반성면,이반성면 평천리 742-4,35.1865,128.33102,2019,6
방범,이반성면,이반성면 평촌리 223-1,35.189614,128.332291,2019,3
방범,이반성면,이반성면 평촌리 705-1,35.186829,128.328271,2020,3
방범,이반성면,이반성면 평촌리 775-5,35.187343,128.332024,2019,1
방범,이반성면,이반성면 평촌리 777-6,35.187277,128.331944,2021,1
방범,이반성면,이반성면 평촌리 795-5,35.183171,128.330854,2018,2
방범,이반성면,이반성면 평촌리 산 334-1,35.19726,128.336081,2019,2
방범,이반성면,이반성면 하곡리 955-3,35.172088,128.330191,2020,2
방범,이반성면,이반성면 하곡리 977,35.172668,128.32777,2019,8
학교내,이반성면,이반성면 하곡리 977,35.173153,128.329275,2021,8
방범,이현동,이현동 101-23,35.185941,128.062751,2019,3
방범,이현동,이현동 102-15,35.18491,128.06489,2022,3
방범,이현동,이현동 102-42,35.185551,128.064924,2023,2
교통정보수집,이현동,이현동 1099-2,35.193723,128.063953,2018,1
방범,이현동,이현동 115-37,35.184245,128.063236,2017,2
방범,이현동,이현동 115-5,35.185594,128.064003,2019,3
방범,이현동,이현동 11-7,35.19641,128.06728,2022,1
방범,이현동,이현동 11-72,35.193131,128.060565,2022,5
방범,이현동,이현동 1194,35.193799,128.059635,2016,3
방범,이현동,이현동 12-1,35.19203,128.060738,2022,4
방범,이현동,이현동 14-14,35.192706,128.062352,2022,2
방범,이현동,이현동 14-7,35.193194,128.061917,2022,2
방범,이현동,이현동 15-18,35.192863,128.063948,2017,2
재난재해,이현동,이현동 17-3,35.192892,128.065939,2015,1
방범,이현동,이현동 20-5,35.192001,128.067484,2022,2
방범,이현동,이현동 212,35.185137,128.058912,2022,2
교통정보수집,이현동,이현동 213-1,35.187461,128.056881,2021,2
방범,이현동,이현동 21-6,35.191487,128.065766,2019,3
방범,이현동,이현동 22-1,35.191211,128.06402,2022,4
방범,이현동,이현동 23-4,35.195173,128.067419,2019,1
방범,이현동,이현동 241-8,35.186355,128.06088,2022,2
방범,이현동,이현동 25-1,35.190551,128.062891,2022,2
방범,이현동,이현동 25-1,35.191839,128.062628,2022,2
학교내,이현동,이현동 25-1,35.191375,128.061805,2015,13
방범,이현동,이현동 285-1,35.192584,128.062029,2022,2
방범,이현동,이현동 28-8,35.190755,128.065029,2019,2
방범,이현동,이현동 29-14,35.190574,128.067528,2021,4
방범,이현동,이현동 296-5,35.187462,128.05966,2019,4
방범,이현동,이현동 298-4,35.187143,128.058399,2022,3
방범,이현동,이현동 31-2,35.19406,128.06714,2022,1
방범,이현동,이현동 365-2,35.189251,128.056442,2021,9
교통정보수집,이현동,이현동 417-3,35.194781,128.059371,2021,5
교통정보수집,이현동,이현동 447-2,35.194105,128.061626,2022,6
방범,이현동,이현동 526-4,35.194148,128.053882,2019,2
방범,이현동,이현동 558-2,35.201026,128.055641,2021,1
교통정보수집,이현동,이현동 668-1,35.1957,128.05633,2021,2
방범,이현동,이현동 7-36,35.19143,128.057585,2022,2
방범,이현동,이현동 7-45,35.197511,128.055989,2014,3
방범,이현동,이현동 813-3,35.205617,128.04971,2023,1
방범,이현동,이현동 87-3,35.188959,128.054606,2023,1
방범,이현동,이현동 92-35,35.183362,128.064547,2019,3
방범,이현동,이현동 945-1,35.20229,128.047334,2023,2
방범,이현동,이현동 98,35.187099,128.06443,2023,2
방범,이현동,이현동 981-1,35.204356,128.050578,2022,1
방범,이현동,이현동722-2,35.203461,128.055217,2022,1
방범,일반성면,일반성면 가선리 100-3,35.167182,128.308209,2018,2
방범,일반성면,일반성면 가선리 235,35.182971,128.296168,2017,3
방범,일반성면,일반성면 개암리 805-3,35.169732,128.286647,2015,9
학교내,일반성면,일반성면 개암리 805-3,35.169604,128.285659,2021,9
방범,일반성면,일반성면 개암리 86 -7,35.166886,128.298854,2021,1
방범,일반성면,일반성면 개암리 86 -8,35.166886,128.298854,2021,1
방범,일반성면,일반성면 개암리 86-6,35.166729,128.299299,2021,1
방범,일반성면,일반성면 개암리223-1,35.167355,128.293244,2018,4
방범,일반성면,일반성면 남산리 1218-1,35.148194,128.259227,2019,2
방범,일반성면,일반성면 남산리 473-1,35.144823,128.280236,2019,2
방범,일반성면,일반성면 남산리 666,35.144671,128.273148,2019,2
방범,일반성면,일반성면 남산리 712,35.142737,128.274557,2016,2
방범,일반성면,일반성면 남산리 산79-2,35.141315,128.287629,2014,2
방범,일반성면,일반성면 답천리 1221,35.16025,128.290417,2022,2
방범,일반성면,일반성면 답천리 1232-24,35.168631,128.275457,2023,2
방범,일반성면,일반성면 답천리 300,35.159408,128.2877,2017,2
방범,일반성면,일반성면 운천리 221-3,35.161954,128.275644,2019,2
방범,일반성면,일반성면 운천리 799-2,35.173732,128.261364,2016,4
방범,일반성면,일반성면 창촌리 46-5,35.170683,128.28423,2019,3
방범,일반성면,일반성면 창촌리 471-2,35.173793,128.279231,2019,2
방범,일반성면,일반성면 창촌리 471-2,35.173715,128.279209,2021,2
방범,일반성면,일반성면 창촌리 541-12,35.17314,128.277447,2019,2
방범,일반성면,일반성면 창촌리 593-1,35.171773,128.279429,2017,2
방범,일반성면,일반성면 창촌리 644-22,35.169523,128.280317,2021,2
방범,일반성면,일반성면 창촌리 653-10,35.174153,128.259198,2017,6
방범,일반성면,일반성면 창촌리 655-1,35.17008,128.278129,2019,2
방범,일반성면,일반성면 창촌리 655-2,35.169758,128.278435,2019,2
방범,일반성면,일반성면 창촌리 728-8,35.172502,128.275526,2016,2
방범,일반성면,일반성면 창촌리 729-2,35.171104,128.276715,2016,5
방범,일반성면,일반성면 창촌리 736-4,35.172945,128.275142,2019,2
방범,일반성면,일반성면 창촌리 751-2,35.173525,128.275194,2015,2
방범,일반성면,일반성면 창촌리 758,35.178126,128.284023,2019,1
방범,중앙동,장대동 137-8,35.194291,128.088172,2022,3
방범,정촌면,정촌면 관봉리 1150,35.136469,128.14287,2022,7
학교내,정촌면,정촌면 관봉리 1150,35.13678,128.143125,2023,6
방범,정촌면,정촌면 관봉리 1247,35.137812,128.137974,2020,2
방범,정촌면,정촌면 관봉리 1382-14,35.117061,128.135455,2020,3
방범,정촌면,정촌면 관봉리 671,35.11964,128.14099,2020,2
방범,정촌면,정촌면 관봉리 966-13,35.124918,128.144266,2020,3
방범,정촌면,정촌면 대축리 102,35.126044,128.093257,2022,3
방범,정촌면,정촌면 대축리 1276-15,35.125946,128.09599,2022,5
방범,정촌면,정촌면 대축리 1276-166,35.126394,128.095461,2022,5
방범,정촌면,정촌면 대축리 1276-190,35.125783,128.0959,2020,3
방범,정촌면,정촌면 대축리 1276-306,35.12478,128.095521,2022,4
방범,정촌면,정촌면 대축리 1276-386,35.11964,128.090407,2020,16
방범,정촌면,정촌면 대축리 1276-531,35.123623,128.09544,2020,5
방범,정촌면,정촌면 대축리 241-2,35.126369,128.086052,2020,2
방범,정촌면,정촌면 대축리 458-10,35.130666,128.090483,2021,2
방범,정촌면,정촌면 대축리 68,35.130431,128.094238,2020,4
방범,정촌면,정촌면 대축리 915-4,35.130391,128.076608,2020,3
방범,정촌면,정촌면 대축리 93,35.12917,128.089957,2023,6
방범,정촌면,정촌면 대축리 산 245-50,35.126603,128.094365,2021,9
방범,정촌면,정촌면 대축리 산 245-50,35.126603,128.094365,2023,3
방범,정촌면,정촌면 소곡리 217-1,35.121855,128.123443,2020,4
방범,정촌면,정촌면 소곡리 385-7,35.121154,128.128861,2016,2
방범,정촌면,정촌면 예하리 1239-1,35.125267,128.10766,2019,2
방범,정촌면,정촌면 예하리 1240-4,35.122794,128.106011,2019,6
방범,정촌면,정촌면 예하리 1241-1,35.127356,128.104957,2019,2
방범,정촌면,정촌면 예하리 1241-6,35.123691,128.103418,2019,2
방범,정촌면,정촌면 예하리 1244-4,35.120708,128.101266,2019,4
방범,정촌면,정촌면 예하리 1245,35.119605,128.103528,2019,2
방범,정촌면,정촌면 예하리 1247-1,35.117558,128.102199,2019,2
방범,정촌면,정촌면 예하리 1247-2,35.11661,128.103674,2019,2
방범,정촌면,정촌면 예하리 1249-7,35.119276,128.100202,2019,2
방범,정촌면,정촌면 예하리 1250-3,35.114992,128.107079,2020,1
방범,정촌면,정촌면 예하리 1267-1,35.116076,128.109304,2025,2
교통정보수집,정촌면,정촌면 예하리 1269-6,35.133571,128.098823,2020,2
방범,정촌면,정촌면 예하리 1271-3,35.132149,128.101548,2019,3
교통정보수집,정촌면,정촌면 예하리 1271-3,35.132252,128.101493,2023,4
방범,정촌면,정촌면 예하리 1275-5,35.132057,128.100193,2019,2
교통정보수집,정촌면,정촌면 예하리 1280-5,35.129016,128.099878,2019,4
주정차단속,정촌면,정촌면 예하리 1286-2,35.128887,128.099983,2023,4
방범,정촌면,정촌면 예하리 1291-1,35.126278,128.099684,2020,4
방범,정촌면,정촌면 예하리 1291-4,35.125507,128.099763,2019,2
학교내,정촌면,정촌면 예하리 1294,35.123284,128.094167,2020,7
방범,정촌면,정촌면 예하리 1294,35.124938,128.098454,2019,5
방범,정촌면,정촌면 예하리 1296,35.122503,128.09811,2020,3
방범,정촌면,정촌면 예하리 1350,35.124817,128.100377,2021,6
교통정보수집,정촌면,정촌면 예하리 1364-1,35.118477,128.097466,2018,1
방범,정촌면,정촌면 예하리 1367-2,35.116257,128.096855,2020,4
방범,정촌면,정촌면 예하리 1372-4,35.115176,128.096818,2020,4
방범,정촌면,정촌면 예하리 1383-3,35.116275,128.101454,2020,2
방범,정촌면,정촌면 예하리 1383-3,35.116412,128.101408,2025,3
방범,정촌면,정촌면 예하리 1388,35.108992,128.104963,2019,4
방범,정촌면,정촌면 예하리 1393-7,35.11229,128.104157,2020,4
방범,정촌면,정촌면 예하리 1393-9,35.112308,128.102105,2020,3
방범,정촌면,정촌면 예하리 1401-5,35.318959,128.088138,2023,8
방범,정촌면,정촌면 예하리 1401-6,35.115487,128.106951,2019,1
방범,정촌면,정촌면 예하리 1401-9,35.113563,128.105723,2020,4
방범,정촌면,정촌면 예하리 1406-3,35.113801,128.109278,2020,3
방범,정촌면,정촌면 예하리 1406-7,35.112281,128.108087,2020,3
방범,정촌면,정촌면 예하리 1407-10,35.112363,128.106007,2020,4
방범,정촌면,정촌면 예하리 1411-3,35.111337,128.106319,2019,2
방범,정촌면,정촌면 예하리 1416,35.10934,128.11057,2019,3
방범,정촌면,정촌면 예하리 276-17,35.114508,128.093955,2018,1
방범,정촌면,정촌면 예하리 279-3,35.114171,128.097786,2020,3
방범,정촌면,정촌면 예하리 352-2,35.115836,128.09585,2015,1
방범,정촌면,정촌면 예하리 352-2,35.116208,128.095961,2019,1
방범,정촌면,정촌면 예하리 497-4,35.125103,128.096297,2020,4
방범,정촌면,정촌면 예하리 730-1,35.119624,128.094064,2021,3
방범,정촌면,정촌면 예하리 730-1,35.119363,128.094064,2019,2
방범,정촌면,정촌면 예하리 744-3,35.121327,128.094702,2021,2
방범,정촌면,정촌면 예하리 896,35.114794,128.093817,2020,2
방범,정촌면,정촌면 예하리 911-11,35.11352,128.09403,2018,2
방범,정촌면,정촌면 화개리 1253,35.126448,128.1097,2015,2
방범,정촌면,정촌면 화개리 1285,35.127776,128.109787,2022,2
교통정보수집,정촌면,정촌면 화개리 1629-1,35.134752,128.097384,2020,6
교통정보수집,정촌면,정촌면 화개리 1643-4,35.135902,128.09771,2021,4
방범,정촌면,정촌면 화개리 1661-1,35.135952,128.096661,2019,2
교통정보수집,정촌면,정촌면 화개리 1747-6,35.141244,128.10026,2019,6
교통정보수집,정촌면,정촌면 화개리 1755-8,35.143546,128.100963,2019,8
방범,정촌면,정촌면 화개리 1777-6,35.141309,128.098389,2019,3
방범,정촌면,정촌면 화개리 24-7,35.14254,128.122611,2022,3
방범,정촌면,정촌면 화개리 343-17,35.140721,128.101458,2019,3
방범,정촌면,정촌면 화개리 611-2,35.139657,128.122091,2020,1
방범,정촌면,정촌면 화개리 611-3,35.139657,128.122091,2020,1
방범,정촌면,정촌면 화개리 664,35.13464,128.11455,2020,2
방범,정촌면,정촌면 화개리 704-4,35.136909,128.112825,2021,2
재난재해,정촌면,정촌면 화개리 976,35.131382,128.102814,2019,2
방범,천전동,주약동 111-88,35.174359,128.092919,2020,3
방범,천전동,주약동 191-6,35.177293,128.087129,2022,2
방범,천전동,주약동 31-1,35.175747,128.096731,2022,2
방범,성북동,중안동 1-16,35.195121,128.08158,2019,3
방범,중앙동,중앙동 101-14,35.192024,128.087928,2020,2
방범,중앙동,중앙동 102-8,35.192795,128.08819,2016,2
방범,중앙동,중앙동 103,35.193021,128.088239,2020,2
방범,중앙동,중앙동 105-6,35.192331,128.086492,2020,4
방범,중앙동,중앙동 10-6,35.192395,128.083358,2021,2
방범,중앙동,중앙동 106-8,35.191799,128.087002,2020,2
방범,중앙동,중앙동 111,35.197343,128.082731,2020,4
방범,중앙동,중앙동 11-10,35.193442,128.084261,2021,1
교통정보수집,중앙동,중앙동 11-12,35.193233,128.084898,2020,4
방범,중앙동,중앙동 112-6,35.201059,128.083967,2021,2
방범,중앙동,중앙동 11-4,35.192549,128.083699,2021,3
방범,중앙동,중앙동 1-20,35.2017,128.084682,2021,2
방범,중앙동,중앙동 12-15,35.193165,128.08409,2020,1
방범,중앙동,중앙동 12-6,35.191837,128.084139,2019,3
방범,중앙동,중앙동 1268-1,35.206235,128.083829,2020,1
방범,중앙동,중앙동 129-3,35.193228,128.086359,2020,2
방범,중앙동,중앙동 130-2,35.19338,128.087846,2020,3
방범,중앙동,중앙동 1329-1,35.204045,128.083292,2022,1
방범,중앙동,중앙동 1373,35.207149,128.083046,2020,1
방범,중앙동,중앙동 14-3,35.194564,128.083672,2021,1
방범,중앙동,중앙동 145,35.196808,128.084185,2020,2
방범,중앙동,중앙동 15-17,35.194872,128.083002,2020,4
방범,중앙동,중앙동 16-6,35.198618,128.084087,2018,3
교통정보수집,중앙동,중앙동 167-3,35.195698,128.094827,2021,3
방범,중앙동,중앙동 17-11,35.194592,128.08258,2020,2
방범,중앙동,중앙동 180-1,35.199806,128.082932,2020,2
방범,중앙동,중앙동 19,35.198167,128.098839,2020,3
방범,중앙동,중앙동 19-10,35.198615,128.085782,2021,2
방범,중앙동,중앙동 19-5,35.198248,128.086014,2020,2
방범,중앙동,중앙동 202-2,35.197347,128.094441,2021,2
방범,중앙동,중앙동 211-4,35.192201,128.086218,2020,1
방범,중앙동,중앙동 2-13,35.192462,128.085192,2021,3
교통정보수집,중앙동,중앙동 214-13,35.191395,128.085294,2021,4
방범,중앙동,중앙동 23-6,35.197092,128.087346,2020,1
방범,중앙동,중앙동 24,35.19835,128.08292,2021,3
방범,중앙동,중앙동 25-1,35.196354,128.087087,2021,1
방범,중앙동,중앙동 2-7,35.192968,128.084594,2020,1
방범,중앙동,중앙동 2-7,35.193364,128.084735,2021,4
방범,중앙동,중앙동 27-18,35.197357,128.086019,2020,1
방범,중앙동,중앙동 27-2,35.200475,128.086353,2023,2
방범,중앙동,중앙동 27-2,35.197451,128.08617,2016,1
학교내,중앙동,중앙동 27-2,35.199855,128.087427,2021,15
방범,중앙동,중앙동 27-3,35.198994,128.086783,2023,3
방범,중앙동,중앙동 27-32,35.196844,128.086251,2020,2
방범,중앙동,중앙동 27-5,35.199181,128.088078,2020,2
방범,중앙동,중앙동 27-6,35.199414,128.088597,2023,2
방범,중앙동,중앙동 28,35.197951,128.098304,2020,6
방범,중앙동,중앙동 28-20,35.197868,128.085735,2019,1
방범,중앙동,중앙동 284,35.195798,128.087525,2020,2
방범,중앙동,중앙동 287-4,35.195692,128.086803,2022,2
방범,중앙동,중앙동 29-29,35.197224,128.084663,2020,3
방범,중앙동,중앙동 30-2,35.197591,128.085559,2019,3
방범,중앙동,중앙동 30-2,35.197442,128.085534,2020,4
방범,중앙동,중앙동 3-13,35.194542,128.082329,2020,3
방범,중앙동,중앙동 33-12,35.196544,128.085541,2022,2
방범,중앙동,중앙동 331-3,35.199241,128.090169,2021,4
방범,중앙동,중앙동 34,35.196555,128.080056,2021,1
방범,중앙동,중앙동 34-16,35.196352,128.085744,2021,3
방범,중앙동,중앙동 35-2,35.196203,128.086555,2022,2
방범,중앙동,중앙동 353-19,35.198429,128.091088,2020,2
방범,중앙동,중앙동 356-16,35.190794,128.088942,2021,3
방범,중앙동,중앙동 36-17,35.195713,128.086017,2020,3
방범,중앙동,중앙동 361-8,35.197674,128.090844,2019,2
방범,중앙동,중앙동 369-26,35.19622,128.09219,2021,2
방범,중앙동,중앙동 37-13,35.19604,128.085318,2021,3
방범,중앙동,중앙동 375-25,35.195767,128.09309,2023,4
방범,중앙동,중앙동 377-4,35.195012,128.092632,2016,2
방범,중앙동,중앙동 38-158,35.199502,128.085507,2020,2
방범,중앙동,중앙동 389,35.195679,128.091355,2020,2
방범,중앙동,중앙동 39-1,35.201137,128.085044,2019,1
방범,중앙동,중앙동 398,35.196628,128.090105,2020,3
방범,중앙동,중앙동 41-3,35.200912,128.084714,2021,3
방범,중앙동,중앙동 427-3,35.198961,128.087541,2022,3
방범,중앙동,중앙동 427-6,35.198764,128.087132,2020,2
방범,중앙동,중앙동 474-3,35.197028,128.088205,2022,2
방범,중앙동,중앙동 476-4,35.19679,128.088896,2019,2
방범,중앙동,중앙동 51-3,35.195389,128.088696,2021,3
방범,중앙동,중앙동 538-1,35.195862,128.089226,2020,2
방범,중앙동,중앙동 5-5,35.195641,128.083706,2021,2
주정차단속,중앙동,중앙동 5-5,35.195441,128.083276,2021,2
방범,중앙동,중앙동 55-11,35.195446,128.087545,2020,2
방범,중앙동,중앙동 56,35.198663,128.082506,2021,2
방범,중앙동,중앙동 56,35.201467,128.084009,2021,1
방범,중앙동,중앙동 565-4,35.19541,128.091201,2019,2
방범,중앙동,중앙동 6-1,35.192036,128.085359,2021,4
방범,중앙동,중앙동 63-5,35.194115,128.088314,2022,1
방범,중앙동,중앙동 6-5,35.195214,128.083686,2021,1
방범,중앙동,중앙동 651,35.193444,128.092569,2020,2
방범,중앙동,중앙동 67-9,35.19493,128.088348,2021,3
방범,중앙동,중앙동 682-1,35.194043,128.093051,2022,4
방범,중앙동,중앙동 700-1,35.193169,128.094757,2020,4
방범,중앙동,중앙동 71-3,35.195367,128.0852,2020,4
방범,중앙동,중앙동 7-4,35.194856,128.083765,2020,2
방범,중앙동,중앙동 76,35.194717,128.089457,2020,3
방범,중앙동,중앙동 79,35.202644,128.082671,2021,2
방범,중앙동,중앙동 792-1,35.193028,128.091605,2021,3
방범,중앙동,중앙동 794-1,35.192708,128.091102,2020,2
방범,중앙동,중앙동 794-27,35.192386,128.090305,2020,2
방범,중앙동,중앙동 796-23,35.192128,128.091264,2020,2
방범,중앙동,중앙동 797-1,35.191833,128.091109,2020,3
방범,중앙동,중앙동 798-2,35.191827,128.090447,2020,2
재난재해,중앙동,중앙동 804-4,35.190231,128.091388,2021,1
방범,중앙동,중앙동 82,35.201595,128.082776,2021,1
방범,중앙동,중앙동 83-2,35.193603,128.089181,2020,2
방범,중앙동,중앙동 835-5,35.192767,128.092852,2020,3
방범,중앙동,중앙동 84-2,35.202635,128.081842,2021,3
재난재해,중앙동,중앙동 8-425,35.19388,128.0857,2021,4
방범,중앙동,중앙동 85-16,35.201103,128.0851,2021,1
방범,중앙동,중앙동 85-19,35.202062,128.082245,2021,2
방범,중앙동,중앙동 8-568,35.193677,128.085748,2020,1
방범,중앙동,중앙동 860,35.191834,128.099953,2020,8
방범,중앙동,중앙동 88-4,35.20095,128.082204,2020,4
방범,중앙동,중앙동 890-9,35.189024,128.093964,2020,2
방범,중앙동,중앙동 91-1,35.193449,128.089899,2021,4
방범,중앙동,중앙동 91-16,35.192962,128.089445,2018,2
방범,중앙동,중앙동 94-16,35.201186,128.083143,2020,3
방범,중앙동,중앙동 95,35.197941,128.081423,2020,4
방범,중앙동,중앙동 987-4,35.199203,128.082027,2020,1
주정차단속,중앙동,중앙동 99-1,35.191569,128.088882,2021,3
방범,중앙동,중앙동 산 1-1,35.199056,128.093801,2020,6
방범,중앙동,중앙동 산 20-3,35.189647,128.093506,2020,2
방범,지수면,지수면 금곡리 355,35.212846,128.257057,2021,2
방범,지수면,지수면 승산리 120-7,35.2303,128.26933,2021,3
방범,지수면,지수면 승산리 203-9,35.235056,128.269902,2021,2
방범,지수면,지수면 승산리 239-4,35.2364764,128.2697217,2026,4
방범,지수면,지수면 승산리 362-4,35.2353539,128.2675662,2026,2
방범,지수면,지수면 승산리 370-2,35.2344776,128.2668785,2026,3
방범,지수면,지수면 승산리 402,35.234018,128.268124,2021,2
방범,지수면,지수면 승산리 411-4,35.2357395,128.2688322,2026,3
방범,지수면,지수면 압사리 1065-1,35.232645,128.252013,2021,5
학교내,지수면,지수면 압사리 1065-1,35.23322,128.253351,2021,10
방범,지수면,지수면 압사리 1077-3,35.234834,128.25112,2021,2
방범,지수면,지수면 압사리 1309-4,35.24119,128.247137,2021,2
방범,지수면,지수면 압사리 381-1,35.241805,128.249827,2021,3
방범,지수면,지수면 압사리 470-5,35.23508,128.254844,2021,3
방범,지수면,지수면 압사리 996-5,35.225497,128.250429,2021,2
방범,지수면,지수면 압사리 산 62-2,35.228799,128.26612,2021,1
방범,지수면,지수면 압사리 산 64-15,35.228867,128.265939,2021,1
방범,지수면,지수면 용봉리 1052-1,35.25329,128.21371,2021,2
방범,지수면,지수면 용봉리 762-2,35.261055,128.217425,2021,2
방범,지수면,지수면 청담리 1061-1,35.251816,128.258127,2021,3
방범,지수면,지수면 청담리 1407-3,35.248905,128.257448,2021,2
방범,지수면,지수면 청담리 403-1,35.255347,128.272815,2021,2
방범,지수면,지수면 청담리 583-1,35.247405,128.274428,2021,2
방범,지수면,지수면 청담리 612-3,35.247652,128.273595,2021,2
방범,지수면,지수면 청담리 914,35.249007,128.280007,2021,3
방범,지수면,지수면 청원리 373-9,35.226333,128.277143,2021,2
방범,지수면,지수면 청원리 산 63-7,35.223873,128.279486,2021,2
방범,진성면,진성면 가진리 860-4,35.211673,128.210257,2021,2
방범,진성면,진성면 구천리 520-1,35.16288,128.22786,2021,3
방범,진성면,진성면 구천리 산 76-2,35.156227,128.234159,2021,2
방범,진성면,진성면 대사리 139,35.161108,128.260221,2020,3
방범,진성면,진성면 대사리 392-6,35.152329,128.255167,2020,3
방범,진성면,진성면 대사리 887-5,35.147819,128.253155,2021,3
방범,진성면,진성면 동산리 11-11,35.188902,128.24355,2021,3
방범,진성면,진성면 동산리 498-5,35.194513,128.221886,2021,4
방범,진성면,진성면 동산리 899-7,35.193447,128.219981,2018,2
방범,진성면,진성면 상촌리 114,35.18885,128.225347,2021,1
방범,진성면,진성면 상촌리 114,35.18918,128.225468,2021,1
방범,진성면,진성면 상촌리 153-10,35.186996,128.222074,2021,5
방범,진성면,진성면 상촌리 325-3,35.179366,128.223263,2021,3
방범,진성면,진성면 상촌리 403-1,35.177302,128.221808,2018,2
방범,진성면,진성면 상촌리 541-2,35.1704,128.224999,2021,8
학교내,진성면,진성면 상촌리 541-2,35.170183,128.224948,2015,8
방범,진성면,진성면 상촌리 556-3,35.317261,128.160926,2021,3
방범,진성면,진성면 상촌리 638-2,35.179513,128.220645,2021,2
방범,진성면,진성면 상촌리 69-3,35.190281,128.222767,2021,2
방범,진성면,진성면 상촌리 872,35.188799,128.226311,2021,2
방범,진성면,진성면 상촌리 888-26,35.180435,128.219451,2021,2
방범,진성면,진성면 신당리 609-6,35.228669,128.11326,2022,2
방범,진성면,진성면 천곡리 442-1,35.18924,128.246275,2021,1
방범,진성면,진성면 천곡리 90-4,35.18457,128.250157,2020,2
방범,집현면,집현면 냉정리 206-1,35.257668,128.098006,2020,2
재난재해,집현면,집현면 냉정리 401-29,35.233438,128.102825,2022,1
방범,집현면,집현면 냉정리 838-40 (냉정마을),35.251263,128.098797,2021,3
방범,집현면,집현면 대암리 38-3 (대암마을),35.269695,128.084571,2021,3
방범,집현면,집현면 대암리 441-4,35.265439,128.080036,2020,3
방범,집현면,집현면 대암리 904-1,35.255301,128.069205,2022,2
방범,집현면,집현면 덕오리 279-3,35.235536,128.130399,2020,2
방범,집현면,집현면 덕오리 35-3,35.238174,128.133441,2019,1
방범,집현면,집현면 덕오리 391-1,35.239886,128.137026,2022,3
방범,집현면,집현면 덕오리 480-1,35.245419,128.128755,2021,2
방범,집현면,집현면 덕오리 51-2,35.23707,128.13559,2020,1
재난재해,집현면,집현면 덕오리 576-7,35.258433,128.12157,2021,3
방범,집현면,집현면 덕오리 621,35.253036,128.121359,2021,2
방범,집현면,집현면 덕오리416-1 (평촌마을),35.240991,128.131967,2021,2
방범,집현면,집현면 봉강리 299-3,35.239554,128.085596,2020,3
방범,집현면,집현면 봉강리 874-1 (원동마을),35.243361,128.071118,2022,3
방범,집현면,집현면 봉강리 산 73-3,35.234763,128.086501,2019,1
방범,집현면,집현면 사촌리 424-7,35.212565,128.066513,2019,2
방범,집현면,집현면 사촌리 531,35.222204,128.064337,2020,2
방범,집현면,집현면 사촌리 668,35.230078,128.058019,2022,2
방범,집현면,집현면 사촌리459-1 (사촌마을),35.215995,128.064446,2022,4
방범,집현면,집현면 신당리 198,35.216979,128.123789,2019,2
방범,집현면,집현면 신당리 95-1,35.2266,128.121445,2021,3
방범,집현면,집현면 장흥리 576-6,35.23645,128.10566,2021,2
방범,집현면,집현면 장흥리 595-3,35.23502,128.10557,2021,2
방범,집현면,집현면 장흥리 713-7,35.232769,128.101055,2020,3
방범,집현면,집현면 장흥리 807-4,35.218894,128.147338,2015,4
방범,집현면,집현면 장흥리 807-4,35.227669,128.101199,2020,3
방범,집현면,집현면 정수리 239-1,35.285616,128.083009,2022,1
방범,집현면,집현면 정수리 324,35.294826,128.082352,2020,6
방범,집현면,집현면 정수리 68,35.28596,128.08297,2021,2
방범,집현면,집현면 정평리 72-5,35.276494,128.066402,2019,2
방범,집현면,집현면 지내리 125,35.241161,128.093448,2017,4
방범,집현면,집현면 지내리 125,35.241319,128.093399,2019,3
학교내,집현면,집현면 지내리 125,35.241401,128.09313,2023,15
방범,집현면,집현면 지내리 199,35.242023,128.09199,2021,4
방범,집현면,집현면 지내리 418-3,35.243589,128.088561,2021,2
방범,집현면,집현면 지내리 478-2,35.241088,128.094729,2022,2
방범,집현면,집현면 지내리 498-12,35.245614,128.079817,2021,2
방범,천전동,천전동 1,35.18354,128.095757,2022,2
방범,천전동,천전동 100-4,35.185508,128.082152,2022,1
방범,천전동,천전동 102-7,35.185858,128.082231,2022,2
방범,천전동,천전동 103-22,35.177531,128.095991,2022,2
방범,천전동,천전동 104-21,35.186996,128.222074,2014,2
방범,천전동,천전동 108-11,35.186682,128.084864,2014,4
방범,천전동,천전동 109-40,35.18721,128.08183,2020,2
방범,천전동,천전동 111-93,35.173033,128.091827,2021,2
방범,천전동,천전동 111-95,35.173617,128.093313,2021,1
교통정보수집,천전동,천전동 11-22,35.186273,128.08776,2021,4
방범,천전동,천전동 112-5,35.178215,128.095212,2016,3
방범,천전동,천전동 113-2,35.185764,128.0856,2014,2
방범,천전동,천전동 116,35.18676,128.080787,2022,2
방범,천전동,천전동 117-26,35.185638,128.07918,2022,2
재난재해,천전동,천전동 117-6,35.18702,128.08145,2019,1
방범,천전동,천전동 119,35.185795,128.086433,2018,2
방범,천전동,천전동 122-10,35.185068,128.086443,2020,2
방범,천전동,천전동 124-1,35.178671,128.096566,2022,2
방범,천전동,천전동 132-7,35.185199,128.081284,2014,2
방범,천전동,천전동 133-151,35.174474,128.092125,2020,3
방범,천전동,천전동 134-9,35.185344,128.080286,2024,2
방범,천전동,천전동 135-18,35.185079,128.080991,2020,2
방범,천전동,천전동 138-14,35.184207,128.080765,2021,2
방범,천전동,천전동 141-29,35.184956,128.080441,2014,4
방범,천전동,천전동 146-5,35.184475,128.07897,2022,2
방범,천전동,천전동 151,35.183765,128.079425,2020,2
방범,천전동,천전동 156-26,35.176433,128.091851,2022,3
방범,천전동,천전동 163-14,35.181858,128.077657,2021,2
방범,천전동,천전동 168-2,35.183529,128.086591,2014,2
방범,천전동,천전동 177-14,35.182119,128.078055,2022,2
방범,천전동,천전동 180-8,35.181858,128.077657,2021,2
방범,천전동,천전동 187-5,35.180622,128.076151,2014,2
방범,천전동,천전동 187-5,35.180622,128.076151,2023,4
방범,천전동,천전동 190-8,35.177691,128.087514,2019,4
방범,천전동,천전동 196-13,35.176635,128.087715,2022,2
방범,천전동,천전동 203-7,35.180985,128.077366,2020,2
방범,천전동,천전동 205-16,35.175126,128.089066,2014,2
방범,천전동,천전동 217-7,35.180982,128.079063,2022,2
방범,천전동,천전동 220-1,35.186164,128.093989,2022,2
방범,천전동,천전동 237-2,35.186716,128.089273,2021,2
방범,천전동,천전동 237-2,35.186638,128.089485,2014,2
방범,천전동,천전동 237-2,35.18593,128.090358,2023,1
방범,천전동,천전동 237-2,35.184907,128.090547,2024,2
방범,천전동,천전동 237-2,35.185597,128.09254,2024,4
학교내,천전동,천전동 237-2,35.186065,128.090435,2015,8
방범,천전동,천전동 239,35.179804,128.090535,2023,2
방범,천전동,천전동 239,35.180001,128.090459,2021,3
방범,천전동,천전동 245-125,35.181427,128.088628,2020,4
방범,천전동,천전동 245-178,35.178496,128.087812,2023,13
방범,천전동,천전동 245-27,35.182611,128.087167,2022,2
방범,천전동,천전동 262,35.188876,128.087713,2022,2
방범,천전동,천전동 287-8,35.18202,128.082649,2022,3
방범,천전동,천전동 300-1,35.185604,128.087826,2022,2
방범,천전동,천전동 312-1,35.18525,128.09009,2021,2
방범,천전동,천전동 319,35.180778,128.080121,2014,3
방범,천전동,천전동 32-15,35.185529,128.083044,2023,2
방범,천전동,천전동 342-4,35.172831,128.091072,2022,2
방범,천전동,천전동 353-3,35.170486,128.089854,2014,2
학교내,천전동,천전동 360-12,35.172885,128.091861,2023,12
방범,천전동,천전동 360-12,35.173246,128.092671,2021,2
교통정보수집,천전동,천전동 379-5,35.182,128.089416,2021,4
방범,천전동,천전동 381-8,35.180121,128.080517,2020,3
주정차단속,천전동,천전동 387,35.183819,128.087526,2019,4
방범,천전동,천전동 392,35.179833,128.081582,2021,2
교통정보수집,천전동,천전동 407-1,35.172693,128.096329,2016,3
방범,천전동,천전동 422-1,35.171378,128.094715,2023,3
방범,천전동,천전동 426,35.180637,128.083245,2021,2
방범,천전동,천전동 427,35.180637,128.083245,2020,1
교통정보수집,천전동,천전동 429-4,35.178946,128.09093,2021,4
방범,천전동,천전동 431,35.195096,128.059351,2022,1
방범,천전동,천전동 435-2,35.195093,128.060156,2022,1
방범,천전동,천전동 447-13,35.182439,128.085302,2022,3
방범,천전동,천전동 447-18,35.182264,128.084625,2022,3
주정차단속,천전동,천전동 448,35.179051,128.094271,2016,1
방범,천전동,천전동 4-5,35.187131,128.082204,2014,2
방범,천전동,천전동 453-81,35.181464,128.085896,2018,3
방범,천전동,천전동 456-57,35.18131,128.085124,2021,5
교통정보수집,천전동,천전동 46-2,35.179818,128.097437,2023,2
방범,천전동,천전동 478-5,35.17836,128.098367,2020,3
방범,천전동,천전동 478-8,35.188663,128.087181,2020,3
방범,천전동,천전동 478-9,35.187293,128.092425,2021,4
방범,천전동,천전동 480-5,35.180315,128.084805,2023,10
학교내,천전동,천전동 490,35.179698,128.083342,2018,6
방범,천전동,천전동 490,35.17994,128.084178,2021,9
방범,천전동,천전동 490,35.179736,128.084255,2014,1
주정차단속,천전동,천전동 490-11,35.178924,128.094274,2016,1
방범,천전동,천전동 491-1,35.17819,128.093494,2024,3
방범,천전동,천전동 491-37,35.178487,128.095045,2024,3
방범,천전동,천전동 49-42,35.183584,128.084682,2022,3
교통정보수집,천전동,천전동 496-4,35.187849,128.086558,2021,3
방범,천전동,천전동 497-30,35.187947,128.088908,2014,2
방범,천전동,천전동 498-58,35.187854,128.090174,2018,2
방범,천전동,천전동 499-5,35.188574,128.090109,2022,2
방범,천전동,천전동 50-14,35.183983,128.084266,2021,2
방범,천전동,천전동 503-7,35.18611,128.09399,2023,1
방범,천전동,천전동 506-34,35.184069,128.091716,2024,2
방범,천전동,천전동 507-9,35.183957,128.090738,2014,4
방범,천전동,천전동 509-20,35.184009,128.089309,2021,2
주정차단속,천전동,천전동 509-24,35.183186,128.089139,2018,4
방범,천전동,천전동 512-11,35.181703,128.090843,2014,2
방범,천전동,천전동 515-1,35.182763,128.090507,2020,4
방범,천전동,천전동 522,35.183499,128.092794,2020,4
방범,천전동,천전동 524-12,35.183521,128.093448,2014,4
방범,천전동,천전동 524-30,35.18468,128.093362,2022,2
방범,천전동,천전동 525-6,35.182392,128.093239,2024,3
방범,천전동,천전동 526-22,35.178283,128.086549,2022,2
방범,천전동,천전동 526-50,35.178443,128.086714,2022,1
방범,천전동,천전동 528-7,35.183836,128.094296,2022,2
방범,천전동,천전동 530-6,35.182236,128.095856,2018,2
방범,천전동,천전동 531-1,35.181989,128.096419,2016,2
방범,천전동,천전동 534-18,35.180163,128.096308,2024,4
재난재해,천전동,천전동 57-2,35.182966,128.085707,2014,2
방범,천전동,천전동 60-4,35.177872,128.096763,2024,2
방범,천전동,천전동 62-3,35.188295,128.084988,2022,2
방범,천전동,천전동 6-29,35.183156,128.095436,2024,3
교통정보수집,천전동,천전동 63-3,35.178613,128.09795,2018,4
방범,천전동,천전동 638-33,35.179736,128.084255,2022,1
방범,천전동,천전동 64-9,35.17589,128.093144,2022,2
방범,천전동,천전동 69-14,35.182957,128.083056,2022,2
방범,천전동,천전동 7-3,35.187209,128.084579,2021,2
방범,천전동,천전동 74-7,35.183161,128.081589,2023,3
교통정보수집,천전동,천전동 776-39,35.170512,128.096959,2014,4
방범,천전동,천전동 82-15,35.184024,128.081767,2021,3
방범,천전동,천전동 87-2,35.187617,128.085739,2019,4
방범,천전동,천전동 88-12,35.183378,128.082772,2022,3
방범,천전동,천전동 9-4,35.181579,128.096916,2022,2
방범,천전동,천전동 96-9,35.185707,128.082488,2022,1
방범,천전동,천전동 산 42-1,35.171668,128.091426,2022,3
교통정보수집,초장동,초장동 1253-5,35.216472,128.110742,2022,4
교통정보수집,초장동,초장동 1395-3,35.208975,128.102086,2022,3
교통정보수집,초장동,초장동 1581,35.198006,128.098592,2021,2
교통정보수집,초장동,초장동 1583-13,35.210209,128.12566,2016,3
교통정보수집,초장동,초장동 1583-14,35.204384,128.127049,2022,3
교통정보수집,초장동,초장동 1583-40,35.20686,128.126527,2022,3
방범,초장동,초장동 1628,35.20912,128.114447,2021,3
방범,초장동,초장동 1634-1,35.208239,128.113989,2015,8
방범,초장동,초장동 1645-7,35.204604,128.115487,2021,4
재난재해,초장동,초장동 1645-8,35.204655,128.114612,2022,3
교통정보수집,초장동,초장동 1664,35.212198,128.106198,2014,2
방범,초장동,초장동 1685-1,35.209407,128.110657,2022,4
방범,초장동,초장동 1691,35.214373,128.109455,2014,5
방범,초장동,초장동 1717,35.21044,128.114177,2022,3
교통정보수집,초장동,초장동 1722-4,35.211592,128.115569,2022,3
방범,초장동,초장동 1727-4,35.209556,128.114429,2022,2
교통정보수집,초장동,초장동 216-2,35.20228,128.10259,2022,4
교통정보수집,초장동,초장동 312-1,35.212506,128.116619,2016,4
교통정보수집,초장동,초장동 348-2,35.212485,128.122906,2017,3
방범,초장동,초장동 353-1,35.21566,128.109117,2022,3
방범,초장동,초장동 387-19,35.210065,128.101864,2022,2
방범,초장동,초장동 404-3,35.214698,128.104637,2023,3
방범,초장동,초장동 54-2,35.217046,128.102434,2014,4
방범,초장동,초장동 54-2,35.208239,128.113989,2017,3
방범,초장동,초장동 563-2,35.215436,128.106099,2022,3
방범,초장동,초장동 565-10,35.213686,128.104238,2015,3
방범,초장동,초장동 801,35.217383,128.099448,2021,2
방범,초장동,초장동 813-13,35.201342,128.114907,2016,5
방범,초장동,초장동 97-1,35.213038,128.092443,2019,3
방범,초장동,초장동1552-3,35.199765,128.100724,2022,1
방범,초장동,초전동 1017-1,35.210844,128.115552,2019,2
방범,초장동,초전동 1028-4,35.202513,128.115157,2018,5
방범,초장동,초전동 1047,35.199114,128.116185,2022,4
방범,초장동,초전동 1085-6,35.212082,128.115567,2022,4
방범,초장동,초전동 127-52,35.18997,128.12865,2019,3
방범,초장동,초전동 128-1,35.20393,128.12598,2017,1
방범,초장동,초전동 1329-23,35.21227,128.114942,2022,4
방범,초장동,초전동 1335-2,35.208943,128.110397,2014,2
방범,초장동,초전동 1349-12,35.207947,128.109992,2013,3
방범,초장동,초전동 1349-23,35.207727,128.108943,2023,3
방범,초장동,초전동 1426-5,35.207853,128.109716,2022,1
방범,초장동,초전동 1493-7,35.199626,128.106099,2019,3
방범,초장동,초전동 1583-14,35.20496,128.12729,2022,3
방범,초장동,초전동 1583-22,35.212561,128.124815,2022,6
방범,초장동,초전동 1583-38,35.20496,128.126084,2022,9
방범,초장동,초전동 1583-38,35.20863,128.12545,2016,2
방범,초장동,초전동 1583-6,35.19585,128.12808,2017,2
방범,초장동,초전동 1607-5,35.211977,128.107896,2023,3
방범,초장동,초전동 1634-1,35.208622,128.113783,2022,2
학교내,초장동,초전동 1634-1,35.207617,128.114489,2019,2
방범,초장동,초전동 1634-3,35.206956,128.114599,2022,6
방범,초장동,초전동 1640-2,35.205796,128.113514,2022,4
방범,초장동,초전동 1648-2,35.203644,128.114798,2019,3
방범,초장동,초전동 1674,35.21071,128.111533,2022,2
방범,초장동,초전동 1674,35.21074,128.11151,2016,1
학교내,초장동,초전동 1691,35.21462,128.11023,2022,10
방범,초장동,초전동 1701-5,35.213742,128.113313,2022,2
방범,초장동,초전동 1702-7,35.21312,128.112198,2022,3
방범,초장동,초전동 1713-8,35.211306,128.113398,2022,3
재난재해,초장동,초전동 2,35.195251,128.128065,2019,1
방범,초장동,초전동 260-1,35.212486,128.122613,2019,2
방범,초장동,초전동 312-3,35.212476,128.116999,2016,1
방범,초장동,초전동 360-10,35.212638,128.123091,2022,2
방범,초장동,초전동 405-1,35.195657,128.123083,2024,11
방범,초장동,초전동 409-1,35.20894,128.119341,2022,3
방범,초장동,초전동 659-1,35.208351,128.115751,2016,1
방범,초장동,초전동 686-1,35.196848,128.114691,2021,7
방범,초장동,초전동 686-1,35.197863,128.114381,2016,2
학교내,초장동,초전동 686-1,35.198235,128.114394,2019,12
방범,초장동,초전동 762-1,35.200964,128.112081,2023,2
방범,초장동,초전동 796-1,35.202089,128.11269,2022,2
방범,초장동,초전동 81-18,35.196424,128.127749,2022,2
방범,초장동,초전동 821-4,35.201074,128.112837,2022,2
방범,초장동,초전동 829-7,35.200286,128.113709,2021,2
방범,초장동,초전동 997,35.20337,128.11445,2014,4
방범,초장동,초전동 산 101,35.210814,128.104616,2021,6
방범,초장동,초전동 산 101,35.208421,128.103851,2022,36
방범,초장동,초전동 산 1548,35.200019,128.10137,2016,1
학교내,초장동,초천동 405-1,35.196153,128.123673,2023,11
방범,충무공동,충무공동 101-3,35.175157,128.135856,2022,3
방범,충무공동,충무공동 112-1,35.17124,128.135189,2022,7
방범,충무공동,충무공동 119-6,35.173046,128.137844,2022,3
방범,충무공동,충무공동 125,35.171908,128.137874,2016,6
학교내,충무공동,충무공동 125,35.171729,128.137718,2022,8
방범,충무공동,충무공동 127,35.170912,128.137367,2022,3
방범,충무공동,충무공동 13,35.180567,128.133315,2017,1
방범,충무공동,충무공동 131-1,35.170752,128.135558,2017,2
방범,충무공동,충무공동 133,35.166573,128.136498,2023,2
방범,충무공동,충무공동 134,35.176649,128.140441,2020,3
교통정보수집,충무공동,충무공동 134,35.177493,128.13881,2017,4
방범,충무공동,충무공동 135-77,35.170911,128.139994,2023,3
방범,충무공동,충무공동 135-94,35.174154,128.140699,2023,3
방범,충무공동,충무공동 136,35.16808,128.1398,2020,1
방범,충무공동,충무공동 14,35.178151,128.133723,2022,5
방범,충무공동,충무공동 140-6,35.169939,128.13863,2023,4
교통정보수집,충무공동,충무공동 145,35.167413,128.136305,2023,4
방범,충무공동,충무공동 152-5,35.167277,128.137984,2022,4
방범,충무공동,충무공동 158,35.166275,128.137694,2023,2
교통정보수집,충무공동,충무공동 161,35.164293,128.12665,2023,3
방범,충무공동,충무공동 164,35.174663,128.141147,2021,8
교통정보수집,충무공동,충무공동 16-4,35.18105,128.140423,2016,1
주정차단속,충무공동,충무공동 16-4,35.180747,128.139116,2023,3
방범,충무공동,충무공동 169-5,35.184012,128.146624,2019,2
방범,충무공동,충무공동 173-2,35.184328,128.148345,2019,4
방범,충무공동,충무공동 177,35.184901,128.150474,2023,2
교통정보수집,충무공동,충무공동 179-1,35.184838,128.150251,2019,3
방범,충무공동,충무공동 183,35.18229,128.1459,2017,10
방범,충무공동,충무공동 183,35.181342,128.142699,2022,3
방범,충무공동,충무공동 183,35.18366,128.1455,2021,5
방범,충무공동,충무공동 184,35.181526,128.143893,2019,4
방범,충무공동,충무공동 190-1,35.18306,128.148478,2023,2
방범,충무공동,충무공동 190-1,35.183031,128.149567,2016,4
학교내,충무공동,충무공동 190-1,35.182941,128.148549,2023,19
방범,충무공동,충무공동 190-4,35.182386,128.149322,2019,3
교통정보수집,충무공동,충무공동 195,35.176258,128.135274,2016,1
방범,충무공동,충무공동 204-1,35.182032,128.150178,2023,3
방범,충무공동,충무공동 209-17,35.18295,128.152234,2020,3
방범,충무공동,충무공동 223,35.180271,128.14951,2022,1
방범,충무공동,충무공동 223,35.179294,128.153813,2023,1
방범,충무공동,충무공동 224,35.178263,128.142124,2023,3
주정차단속,충무공동,충무공동 225-1,35.181291,128.14341,2023,3
교통정보수집,충무공동,충무공동 225-3,35.180295,128.143385,2023,1
교통정보수집,충무공동,충무공동 225-8,35.180514,128.148904,2023,1
교통정보수집,충무공동,충무공동 226,35.176414,128.145601,2023,1
교통정보수집,충무공동,충무공동 231,35.177072,128.148602,2022,4
방범,충무공동,충무공동 232,35.178594,128.150975,2023,2
방범,충무공동,충무공동 235,35.178861,128.154284,2023,1
방범,충무공동,충무공동 245-10,35.177977,128.155276,2023,4
방범,충무공동,충무공동 246-2,35.178897,128.154399,2022,3
방범,충무공동,충무공동 257,35.176698,128.154813,2021,3
방범,충무공동,충무공동 265,35.176453,128.152976,2023,4
방범,충무공동,충무공동 274,35.176213,128.151652,2023,3
주정차단속,충무공동,충무공동 276,35.175013,128.150871,2023,2
방범,충무공동,충무공동 277-7,35.174271,128.151872,2017,3
방범,충무공동,충무공동 278 (LH8단지 버스승강장),35.180974,128.147152,2019,6
방범,충무공동,충무공동 284-5,35.174973,128.14687,2023,4
교통정보수집,충무공동,충무공동 286,35.175948,128.145389,2017,4
방범,충무공동,충무공동 287-4,35.176851,128.14378,2023,3
방범,충무공동,충무공동 289-5,35.175517,128.144672,2020,4
방범,충무공동,충무공동 291,35.17576,128.14344,2020,1
방범,충무공동,충무공동 291,35.175222,128.142825,2021,10
교통정보수집,충무공동,충무공동 292,35.174014,128.144473,2021,3
주정차단속,충무공동,충무공동 295,35.173984,128.145367,2021,2
방범,충무공동,충무공동 299,35.172583,128.144886,2023,4
교통정보수집,충무공동,충무공동 303,35.169177,128.13625,2016,1
교통정보수집,충무공동,충무공동 314-23,35.170107,128.144319,2016,1
방범,충무공동,충무공동 322-4,35.170288,128.146734,2023,3
방범,충무공동,충무공동 327-1,35.170735,128.147861,2023,4
방범,충무공동,충무공동 331-3,35.172452,128.148759,2023,2
방범,충무공동,충무공동 340-2,35.172626,128.150115,2023,2
방범,충무공동,충무공동 342,35.173092,128.149031,2023,2
학교내,충무공동,충무공동 342,35.173588,128.149916,2023,9
방범,충무공동,충무공동 350,35.17359,128.15511,2020,1
재난재해,충무공동,충무공동 350,35.173439,128.154846,2016,3
방범,충무공동,충무공동 351,35.174367,128.150369,2022,4
방범,충무공동,충무공동 351,35.173527,128.15361,2018,3
방범,충무공동,충무공동 36,35.1793,128.14087,2015,1
방범,충무공동,충무공동 36,35.179282,128.141166,2022,4
주정차단속,충무공동,충무공동 36,35.179168,128.140183,2023,3
방범,충무공동,충무공동 40-2,35.179269,128.139057,2022,1
방범,충무공동,충무공동 40-6,35.177975,128.139763,2023,3
교통정보수집,충무공동,충무공동 41,35.176387,128.130025,2018,4
방범,충무공동,충무공동 42,35.176258,128.135274,2023,1
교통정보수집,충무공동,충무공동 43-55,35.174678,128.135542,2021,6
방범,충무공동,충무공동 44,35.173774,128.131766,2012,16
방범,충무공동,충무공동 45-7,35.174719,128.132952,2022,3
방범,충무공동,충무공동 5,35.18105,128.140423,2023,1
방범,충무공동,충무공동 5,35.18084,128.133561,2017,1
방범,충무공동,충무공동 54-1,35.170046,128.129692,2022,4
방범,충무공동,충무공동 55-61,35.18105,128.140423,2022,2
방범,충무공동,충무공동 60-13,35.167318,128.128462,2017,4
방범,충무공동,충무공동 69-3,35.164109,128.126911,2023,1
방범,충무공동,충무공동 76-1,35.173764,128.135384,2020,2
방범,충무공동,충무공동 76-1,35.173764,128.135384,2022,2
방범,충무공동,충무공동 8,35.18157,128.13721,2019,1
방범,충무공동,충무공동 82-6,35.16907,128.13222,2023,4
교통정보수집,충무공동,충무공동 87-18,35.166843,128.129484,2021,3
방범,충무공동,충무공동 87-2,35.168224,128.130561,2023,2
교통정보수집,충무공동,충무공동 87-20,35.165154,128.129391,2023,2
교통정보수집,충무공동,충무공동 93-6,35.166041,128.13396,2021,2
방범,충무공동,충무공동 95-3,35.166549,128.134869,2022,3
방범,천전동,칠암동 211-9,35.186664,128.089473,2014,1
방범,천전동,칠암동 527-3,35.182925,128.094794,2024,1
방범,판문동,판문동 1067-7,35.167585,128.040475,2022,3
방범,판문동,판문동 1240-37,35.165932,128.039823,2021,1
방범,판문동,판문동 1250,35.171523,128.043734,2022,2
방범,판문동,판문동 146-1,35.175632,128.040288,2019,2
방범,판문동,판문동 230-1,35.171611,128.041667,2022,2
방범,판문동,판문동 268-9,35.168328,128.048172,2019,2
방범,판문동,판문동 269-48,35.167541,128.047055,2021,3
교통정보수집,판문동,판문동 277-47,35.167171,128.046174,2021,4
교통정보수집,판문동,판문동 278-17,35.167562,128.044552,2020,4
방범,판문동,판문동 290,35.168582,128.045322,2021,8
학교내,판문동,판문동 290,35.169479,128.044493,2023,11
교통정보수집,판문동,판문동 308-1,35.167398,128.042775,2020,3
방범,판문동,판문동 469,35.173465,128.036854,2019,2
방범,판문동,판문동 519,35.18409,128.039573,2023,2
방범,판문동,판문동 77-1,35.186673,128.047462,2021,2
방범,판문동,판문동 860-7,35.20269,128.032952,2020,2
방범,판문동,판문동 산 10-1,35.186762,128.047522,2023,3
방범,판문동,판문동 산 171-1,35.17675,128.03544,2022,2
방범,평거동,평거동 1012,35.168416,128.062613,2023,2
방범,평거동,평거동 1023,35.168615,128.062913,2023,3
교통정보수집,평거동,평거동 1034,35.169713,128.059812,2023,2
교통정보수집,평거동,평거동 1035,35.170469,128.061081,2023,4
교통정보수집,평거동,평거동 1055,35.163908,128.055696,2024,4
방범,판문동,평거동 1065-148,35.165354,128.039754,2022,4
방범,평거동,평거동 1065-70,35.166903,128.041948,2023,4
방범,평거동,평거동 106-6,35.173376,128.057558,2024,3
방범,판문동,평거동 1075-7,35.166657,128.041649,2023,3
방범,평거동,평거동 1082-5,35.165766,128.042746,2023,3
방범,평거동,평거동 1086-8,35.165387,128.040982,2023,2
방범,평거동,평거동 1111-9,35.167049,128.044247,2023,2
방범,판문동,평거동 1125,35.165821,128.047847,2017,11
학교내,판문동,평거동 1125,35.165848,128.048965,2023,5
방범,평거동,평거동 136-1,35.173644,128.058432,2023,2
방범,평거동,평거동 16-10,35.177047,128.061628,2023,2
방범,평거동,평거동 161-9,35.175843,128.060865,2023,5
방범,평거동,평거동 164-9,35.176369,128.062015,2024,4
방범,평거동,평거동 191-2,35.1748,128.063515,2023,2
방범,평거동,평거동 192-2,35.172402,128.062995,2023,2
방범,평거동,평거동 193-5,35.174969,128.062776,2023,4
방범,평거동,평거동 196-11,35.173824,128.061802,2023,2
방범,평거동,평거동 215-1,35.170226,128.06308,2024,1
방범,평거동,평거동 297-7,35.172816,128.058875,2023,2
교통정보수집,평거동,평거동 300-13,35.170167,128.057249,2024,4
방범,평거동,평거동 338,35.171313,128.056318,2023,2
교통정보수집,평거동,평거동 344-8,35.169624,128.055984,2024,3
방범,판문동,평거동 345,35.170113,128.055214,2019,4
방범,평거동,평거동 354-4,35.172362,128.055223,2024,3
방범,평거동,평거동 381-2,35.171187,128.054639,2023,4
방범,평거동,평거동 400-9,35.170735,128.053777,2023,3
방범,판문동,평거동 469-4,35.167661,128.052626,2021,2
교통정보수집,평거동,평거동 478-27,35.167321,128.050474,2024,3
교통정보수집,평거동,평거동 518-2,35.169063,128.05491,2024,3
교통정보수집,평거동,평거동 602-9,35.168814,128.064497,2023,5
방범,평거동,평거동 602-9,35.168599,128.065256,2023,1
방범,평거동,평거동 602-9,35.168901,128.06441,2024,1
교통정보수집,평거동,평거동 614-5,35.166373,128.060456,2024,4
방범,판문동,평거동 636-11,35.163311,128.055302,2020,3
재난재해,판문동,평거동 636-11,35.163384,128.05602,2024,1
교통정보수집,판문동,평거동 636-13,35.16422,128.055517,2020,3
방범,판문동,평거동 660-28,35.163321,128.03965,2023,3
방범,판문동,평거동 682-2,35.160098,128.049276,2023,3
교통정보수집,평거동,평거동 692,35.17309,128.060133,2023,3
방범,평거동,평거동 692,35.173472,128.059904,2024,5
방범,판문동,평거동 695-173,35.160664,128.041084,2022,1
방범,평거동,평거동 695-239,35.162162,128.038579,2023,2
교통정보수집,판문동,평거동 695-323,35.163036,128.054624,2020,3
교통정보수집,평거동,평거동 695-54,35.162975,128.054466,2024,4
방범,평거동,평거동 708-3,35.177081,128.070533,2023,3
방범,판문동,평거동 717-1,35.169394,128.051182,2019,8
방범,판문동,평거동 718-1,35.170104,128.051702,2019,2
방범,판문동,평거동 721-4,35.16905,128.05189,2021,2
방범,판문동,평거동 729-7,35.168469,128.052004,2019,5
방범,평거동,평거동 733-2,35.168217,128.053519,2023,3
방범,판문동,평거동 736,35.169157,128.050184,2019,2
방범,평거동,평거동 739-6,35.169239,128.049483,2024,2
방범,판문동,평거동 743-9,35.168289,128.050362,2019,4
방범,평거동,평거동 748-4,35.174308,128.067104,2023,12
학교내,평거동,평거동 748-4,35.17474,128.065919,2024,9
방범,평거동,평거동 751-8,35.174255,128.067311,2024,2
방범,평거동,평거동 752-1,35.174808,128.068364,2023,3
방범,평거동,평거동 755-15,35.173287,128.068402,2024,3
방범,평거동,평거동 757-1,35.174008,128.067635,2023,2
방범,평거동,평거동 759-4,35.173663,128.066758,2023,3
방범,평거동,평거동 767-2,35.172956,128.067469,2023,2
방범,평거동,평거동 774-7,35.172288,128.065312,2023,2
방범,평거동,평거동 776-10,35.171634,128.06596,2024,4
방범,평거동,평거동 778-1,35.171394,128.066124,2023,2
방범,평거동,평거동 780-1,35.171585,128.065388,2023,4
방범,평거동,평거동 782-1,35.172346,128.064877,2023,4
방범,평거동,평거동 787-6,35.170878,128.063151,2023,2
방범,평거동,평거동 791-1,35.171061,128.063868,2023,4
방범,평거동,평거동 792-11,35.170278,128.065562,2023,3
방범,평거동,평거동 794-1,35.173455,128.068836,2024,2
방범,평거동,평거동 794-2,35.171186,128.066515,2023,4
방범,평거동,평거동 794-2,35.1723,128.06751,2024,1
방범,판문동,평거동 800,35.16832,128.057584,2019,13
학교내,판문동,평거동 800,35.169323,128.05655,2023,10
방범,평거동,평거동 841,35.165652,128.056957,2023,2
방범,판문동,평거동 849,35.166085,128.058556,2022,4
방범,평거동,평거동 896,35.169248,128.058407,2023,2
주정차단속,평거동,평거동 900,35.171536,128.061923,2024,2
방범,평거동,평거동 908,35.171149,128.062057,2024,4
방범,평거동,평거동 960,35.168829,128.061286,2023,5
재난재해,평거동,평거동 산 65-1,35.172401,128.050743,2024,2
방범,평거동,평거동194-4,35.17315,128.06017,2023,1
방범,하대동,하대동 103-2,35.189317,128.12306,2024,2
방범,하대동,하대동 103-53,35.190461,128.124134,2024,2
방범,하대동,하대동 103-82,35.190053,128.124715,2024,2
방범,하대동,하대동 103-82,35.191202,128.12462,2024,4
방범,하대동,하대동 106-1,35.188755,128.122274,2020,3
주정차단속,하대동,하대동 106-1,35.18868,128.121931,2020,3
방범,하대동,하대동 111,35.188063,128.128128,2024,4
방범,하대동,하대동 111,35.189255,128.128477,2024,3
방범,하대동,하대동 11-2,35.19029,128.1285,2024,1
방범,하대동,하대동 112-2,35.18809,128.121451,2024,2
방범,하대동,하대동 114-12,35.188388,128.124747,2024,1
방범,하대동,하대동 114-36,35.188441,128.123923,2024,2
방범,하대동,하대동 115-14,35.188564,128.126226,2024,3
방범,하대동,하대동 11-6,35.18997,128.12865,2024,3
방범,하대동,하대동 117-29,35.18727,128.121418,2024,2
방범,하대동,하대동 119-1,35.186767,128.123857,2024,14
학교내,하대동,하대동 119-1,35.187689,128.123643,2020,10
방범,하대동,하대동 129-4,35.187466,128.127094,2020,4
방범,하대동,하대동 131-1,35.186657,128.12085,2020,6
방범,하대동,하대동 135-28,35.186868,128.127598,2024,2
방범,하대동,하대동 136-18,35.185405,128.119739,2024,11
방범,하대동,하대동 139-42,35.186236,128.125082,2020,5
방범,하대동,하대동 139-43,35.186273,128.124906,2024,2
방범,하대동,하대동 141-14,35.185812,128.126138,2024,3
방범,하대동,하대동 224,35.188653,128.118272,2020,3
방범,하대동,하대동 291-1,35.188898,128.116838,2024,4
방범,하대동,하대동 295,35.194055,128.119867,2024,2
방범,하대동,하대동 295,35.193867,128.120149,2024,2
방범,하대동,하대동 301-34,35.193714,128.117887,2024,2
방범,하대동,하대동 307-6,35.194163,128.125739,2024,1
방범,하대동,하대동 312-28,35.192533,128.117932,2020,4
방범,하대동,하대동 312-42,35.192558,128.116819,2020,1
방범,하대동,하대동 313-28,35.192373,128.11906,2024,4
방범,하대동,하대동 323-2,35.191832,128.123278,2024,2
방범,하대동,하대동 326,35.192249,128.1247,2024,4
방범,하대동,하대동 328-21,35.191697,128.118422,2024,2
방범,하대동,하대동 329-18,35.191718,128.120804,2024,4
방범,하대동,하대동 329-26,35.190858,128.119378,2024,2
방범,하대동,하대동 330-10,35.19111,128.12198,2024,3
방범,하대동,하대동 336-44,35.190265,128.120656,2024,4
방범,하대동,하대동 336-6,35.19097,128.120644,2024,4
방범,하대동,하대동 338-4,35.190383,128.122149,2024,3
방범,하대동,하대동 340-1,35.189691,128.116159,2024,2
방범,하대동,하대동 343-3,35.189127,128.117094,2024,11
학교내,하대동,하대동 343-3,35.189573,128.118287,2020,16
방범,하대동,하대동 345-23,35.190281,128.121378,2024,1
방범,하대동,하대동 347-10,35.18872,128.119521,2024,2
방범,하대동,하대동 348,35.189512,128.12073,2024,2
방범,하대동,하대동 350-32,35.188115,128.119526,2024,2
방범,하대동,하대동 421-11,35.188622,128.115022,2024,2
방범,하대동,하대동 453-21,35.192219,128.114428,2020,2
방범,하대동,하대동 453-7,35.192809,128.114348,2024,2
방범,하대동,하대동 480-6,35.19117,128.115789,2024,4
방범,하대동,하대동 54,35.18616,128.1289,2024,3
방범,하대동,하대동 571-5,35.193134,128.116493,2024,3
방범,하대동,하대동 588-1,35.193297,128.115491,2020,3
방범,하대동,하대동 594-4,35.192057,128.113276,2020,3
방범,하대동,하대동 601,35.195268,128.11254,2024,5
방범,하대동,하대동 624-6,35.195354,128.115839,2024,3
방범,하대동,하대동 627-3,35.194551,128.115379,2020,4
방범,하대동,하대동 708-2,35.187728,128.108207,2024,1
방범,하대동,하대동 71-9,35.18505,128.120811,2024,2
방범,하대동,하대동 72,35.184584,128.123211,2024,5
방범,하대동,하대동 72,35.18556,128.122458,2020,2
방범,하대동,하대동 732-68,35.19585,128.12808,2017,1
방범,하대동,하대동 75-12,35.184844,128.127746,2024,2
방범,하대동,하대동 75-29,35.186088,128.128308,2024,2
교통정보수집,하대동,하대동 75-39,35.184432,128.128849,2023,5
방범,가호동,호탄동 605-9,35.163451,128.113809,2016,3
방범,가호동,호탄동 607-1,35.164331,128.115184,2015,1
방범,가호동,호탄동 644-1,35.165047,128.116118,2017,4
방범,가호동,호탄동 769,35.161427,128.116244,2022,4
교통정보수집,가호동,호탄동 774-4,35.159003,128.117627,2018,5
